Date,Time,Global_active_power,Global_reactive_power,Voltage,Global_intensity,Sub_metering_1,Sub_metering_2,Sub_metering_3
2007-01-01,00:00:00,0.352,0.048,239.7,1.47,0.131,0.042,0.049
2007-01-01,01:00:00,0.43,0.062,241.39,1.78,0.186,0.044,0.032
2007-01-01,02:00:00,0.359,0.051,241.99,1.48,0.15,0.055,0.048
2007-01-01,03:00:00,0.21,-0.013,242.82,0.86,0.076,0.035,0.026
2007-01-01,04:00:00,0.241,0.001,240.54,1.0,0.085,0.038,0.026
2007-01-01,05:00:00,0.318,0.051,236.53,1.34,0.116,0.051,0.033
2007-01-01,06:00:00,0.507,0.028,236.48,2.14,0.159,0.071,0.041
2007-01-01,07:00:00,0.735,0.094,237.47,3.09,0.258,0.121,0.076
2007-01-01,08:00:00,1.134,0.106,241.44,4.7,0.501,0.118,0.1
2007-01-01,09:00:00,1.097,0.077,237.18,4.63,0.368,0.126,0.152
2007-01-01,10:00:00,0.949,0.068,239.53,3.96,0.311,0.137,0.103
2007-01-01,11:00:00,0.734,0.082,239.16,3.07,0.344,0.143,0.059
2007-01-01,12:00:00,0.955,0.106,240.72,3.97,0.332,0.157,0.062
2007-01-01,13:00:00,0.763,0.108,241.43,3.16,0.267,0.103,0.091
2007-01-01,14:00:00,0.749,0.075,240.19,3.12,0.294,0.109,0.087
2007-01-01,15:00:00,0.831,0.079,241.6,3.44,0.328,0.153,0.071
2007-01-01,16:00:00,0.955,0.131,237.8,4.02,0.322,0.147,0.063
2007-01-01,17:00:00,1.205,0.104,242.04,4.98,0.495,0.126,0.146
2007-01-01,18:00:00,1.507,0.145,240.26,6.27,0.662,0.213,0.116
2007-01-01,19:00:00,1.795,0.189,241.52,7.43,0.713,0.249,0.245
2007-01-01,20:00:00,1.603,0.142,238.97,6.71,0.768,0.305,0.197
2007-01-01,21:00:00,1.409,0.15,235.9,5.97,0.702,0.184,0.196
2007-01-01,22:00:00,1.098,0.11,241.33,4.55,0.446,0.117,0.163
2007-01-01,23:00:00,0.685,0.091,239.71,2.86,0.339,0.093,0.058
2007-01-02,00:00:00,0.319,0.024,242.4,1.32,0.137,0.033,0.032
2007-01-02,01:00:00,0.222,0.009,240.84,0.92,0.09,0.041,0.02
2007-01-02,02:00:00,0.234,0.062,245.9,0.95,0.111,0.037,0.013
2007-01-02,03:00:00,0.143,0.031,242.54,0.59,0.07,0.021,0.013
2007-01-02,04:00:00,0.28,0.05,239.5,1.17,0.14,0.038,0.026
2007-01-02,05:00:00,0.312,0.048,236.83,1.32,0.141,0.044,0.021
2007-01-02,06:00:00,0.447,0.031,238.26,1.88,0.178,0.08,0.062
2007-01-02,07:00:00,0.826,0.063,238.12,3.47,0.297,0.097,0.065
2007-01-02,08:00:00,1.238,0.105,238.96,5.18,0.51,0.133,0.156
2007-01-02,09:00:00,1.471,0.136,239.75,6.13,0.67,0.23,0.085
2007-01-02,10:00:00,0.914,0.115,240.64,3.8,0.279,0.17,0.048
2007-01-02,11:00:00,0.82,0.082,242.75,3.38,0.29,0.128,0.123
2007-01-02,12:00:00,0.907,0.109,238.26,3.81,0.336,0.163,0.057
2007-01-02,13:00:00,0.876,0.104,237.22,3.69,0.399,0.166,0.111
2007-01-02,14:00:00,0.855,0.117,241.66,3.54,0.361,0.092,0.094
2007-01-02,15:00:00,0.781,0.094,242.66,3.22,0.301,0.124,0.074
2007-01-02,16:00:00,0.927,0.097,239.02,3.88,0.449,0.17,0.05
2007-01-02,17:00:00,1.255,0.1,242.08,5.18,0.512,0.206,0.104
2007-01-02,18:00:00,1.454,0.184,241.54,6.02,0.647,0.231,0.204
2007-01-02,19:00:00,2.194,0.241,236.58,9.27,0.946,0.392,0.308
2007-01-02,20:00:00,1.775,0.186,238.73,7.44,0.837,0.303,0.195
2007-01-02,21:00:00,1.594,0.164,239.05,6.67,0.737,0.239,0.171
2007-01-02,22:00:00,1.068,0.071,243.98,4.38,0.532,0.111,0.099
2007-01-02,23:00:00,0.725,0.081,241.02,3.01,0.273,0.117,0.092
2007-01-03,00:00:00,0.415,0.031,238.99,1.74,0.138,0.05,0.057
2007-01-03,01:00:00,0.447,0.012,238.61,1.87,0.202,0.056,0.055
2007-01-03,02:00:00,0.286,0.019,236.86,1.21,0.136,0.048,0.029
2007-01-03,03:00:00,0.705,0.075,242.13,2.91,0.219,0.102,0.08
2007-01-03,04:00:00,0.322,0.04,240.79,1.34,0.118,0.055,0.023
2007-01-03,05:00:00,0.375,0.014,241.24,1.55,0.173,0.052,0.056
2007-01-03,06:00:00,0.436,0.016,237.43,1.84,0.19,0.081,0.063
2007-01-03,07:00:00,0.725,0.066,241.47,3.0,0.327,0.103,0.106
2007-01-03,08:00:00,1.259,0.137,239.52,5.26,0.515,0.188,0.084
2007-01-03,09:00:00,1.084,0.092,238.55,4.54,0.408,0.122,0.125
2007-01-03,10:00:00,0.944,0.085,241.03,3.91,0.436,0.142,0.109
2007-01-03,11:00:00,0.928,0.097,237.6,3.91,0.381,0.115,0.079
2007-01-03,12:00:00,0.991,0.083,240.36,4.12,0.399,0.175,0.135
2007-01-03,13:00:00,0.897,0.05,239.47,3.75,0.401,0.154,0.115
2007-01-03,14:00:00,0.849,0.091,242.15,3.51,0.287,0.086,0.104
2007-01-03,15:00:00,0.845,0.05,241.78,3.49,0.353,0.126,0.045
2007-01-03,16:00:00,1.039,0.111,240.18,4.33,0.375,0.109,0.155
2007-01-03,17:00:00,1.173,0.113,240.56,4.88,0.357,0.184,0.143
2007-01-03,18:00:00,1.594,0.155,241.2,6.61,0.717,0.303,0.234
2007-01-03,19:00:00,1.833,0.161,239.98,7.64,0.724,0.342,0.108
2007-01-03,20:00:00,1.681,0.161,238.36,7.05,0.808,0.209,0.201
2007-01-03,21:00:00,1.473,0.13,239.03,6.16,0.589,0.168,0.183
2007-01-03,22:00:00,1.093,0.166,237.56,4.6,0.33,0.196,0.062
2007-01-03,23:00:00,0.632,0.047,241.85,2.61,0.241,0.098,0.036
2007-01-04,00:00:00,0.494,0.07,240.8,2.05,0.165,0.07,0.062
2007-01-04,01:00:00,0.381,0.027,239.15,1.59,0.184,0.069,0.049
2007-01-04,02:00:00,0.222,0.027,238.55,0.93,0.087,0.028,0.031
2007-01-04,03:00:00,0.303,0.03,240.47,1.26,0.122,0.037,0.039
2007-01-04,04:00:00,0.385,0.035,237.17,1.62,0.144,0.062,0.029
2007-01-04,05:00:00,0.363,0.032,237.86,1.53,0.147,0.046,0.053
2007-01-04,06:00:00,0.455,0.05,239.96,1.9,0.144,0.065,0.035
2007-01-04,07:00:00,0.787,0.106,244.88,3.21,0.308,0.114,0.097
2007-01-04,08:00:00,1.2,0.097,240.9,4.98,0.519,0.145,0.124
2007-01-04,09:00:00,1.008,0.065,240.37,4.19,0.377,0.107,0.063
2007-01-04,10:00:00,1.035,0.087,237.66,4.36,0.392,0.183,0.148
2007-01-04,11:00:00,0.942,0.097,238.13,3.96,0.44,0.168,0.102
2007-01-04,12:00:00,1.017,0.096,242.71,4.19,0.414,0.162,0.06
2007-01-04,13:00:00,0.797,0.111,239.08,3.33,0.333,0.092,0.07
2007-01-04,14:00:00,0.831,0.111,240.14,3.46,0.299,0.123,0.105
2007-01-04,15:00:00,1.353,0.126,241.18,5.61,0.537,0.159,0.151
2007-01-04,16:00:00,0.962,0.127,239.16,4.02,0.299,0.181,0.07
2007-01-04,17:00:00,1.275,0.136,238.98,5.34,0.492,0.216,0.136
2007-01-04,18:00:00,1.539,0.139,236.55,6.51,0.709,0.159,0.124
2007-01-04,19:00:00,1.851,0.183,237.57,7.79,0.615,0.185,0.19
2007-01-04,20:00:00,1.723,0.168,241.17,7.14,0.78,0.342,0.141
2007-01-04,21:00:00,1.471,0.132,239.12,6.15,0.551,0.153,0.147
2007-01-04,22:00:00,1.019,0.089,241.34,4.22,0.311,0.19,0.137
2007-01-04,23:00:00,0.79,0.088,236.83,3.34,0.388,0.155,0.056
2007-01-05,00:00:00,0.441,0.036,241.62,1.83,0.148,0.058,0.022
2007-01-05,01:00:00,0.421,0.036,239.92,1.75,0.154,0.065,0.028
2007-01-05,02:00:00,0.358,0.032,237.06,1.51,0.142,0.059,0.048
2007-01-05,03:00:00,0.255,0.022,242.26,1.05,0.125,0.039,0.023
2007-01-05,04:00:00,0.212,0.04,237.19,0.89,0.088,0.026,0.026
2007-01-05,05:00:00,0.364,0.02,242.15,1.5,0.175,0.058,0.019
2007-01-05,06:00:00,0.572,0.062,239.94,2.39,0.236,0.072,0.037
2007-01-05,07:00:00,0.713,0.041,238.21,2.99,0.243,0.083,0.076
2007-01-05,08:00:00,1.339,0.123,243.7,5.49,0.553,0.202,0.163
2007-01-05,09:00:00,1.143,0.088,240.81,4.74,0.366,0.157,0.147
2007-01-05,10:00:00,0.974,0.13,242.43,4.02,0.315,0.1,0.111
2007-01-05,11:00:00,0.892,0.092,240.87,3.7,0.288,0.174,0.112
2007-01-05,12:00:00,1.016,0.093,239.57,4.24,0.307,0.106,0.068
2007-01-05,13:00:00,0.826,0.048,238.26,3.47,0.273,0.157,0.096
2007-01-05,14:00:00,0.862,0.059,239.64,3.6,0.319,0.103,0.08
2007-01-05,15:00:00,0.919,0.109,240.33,3.82,0.289,0.105,0.13
2007-01-05,16:00:00,1.139,0.121,241.63,4.71,0.343,0.122,0.127
2007-01-05,17:00:00,1.27,0.098,239.21,5.31,0.409,0.181,0.132
2007-01-05,18:00:00,1.62,0.133,241.03,6.72,0.789,0.257,0.175
2007-01-05,19:00:00,1.809,0.218,243.36,7.43,0.733,0.344,0.241
2007-01-05,20:00:00,2.117,0.239,240.32,8.81,0.819,0.378,0.108
2007-01-05,21:00:00,1.577,0.164,236.08,6.68,0.627,0.183,0.215
2007-01-05,22:00:00,1.041,0.106,240.1,4.33,0.428,0.122,0.055
2007-01-05,23:00:00,0.618,0.058,239.81,2.58,0.199,0.062,0.067
2007-01-06,00:00:00,0.523,0.027,239.75,2.18,0.218,0.088,0.052
2007-01-06,01:00:00,0.391,0.056,236.81,1.65,0.182,0.04,0.034
2007-01-06,02:00:00,0.405,0.037,240.55,1.68,0.167,0.046,0.025
2007-01-06,03:00:00,0.399,0.054,238.94,1.67,0.19,0.065,0.025
2007-01-06,04:00:00,0.37,0.029,239.79,1.54,0.121,0.043,0.046
2007-01-06,05:00:00,0.438,0.051,241.9,1.81,0.204,0.05,0.027
2007-01-06,06:00:00,0.463,0.037,238.38,1.94,0.2,0.057,0.055
2007-01-06,07:00:00,0.994,0.101,239.8,4.15,0.418,0.138,0.148
2007-01-06,08:00:00,1.421,0.158,239.6,5.93,0.594,0.143,0.168
2007-01-06,09:00:00,1.373,0.127,239.67,5.73,0.445,0.24,0.079
2007-01-06,10:00:00,1.18,0.158,239.11,4.93,0.505,0.209,0.123
2007-01-06,11:00:00,0.948,0.083,239.22,3.96,0.36,0.13,0.127
2007-01-06,12:00:00,1.176,0.12,243.35,4.83,0.368,0.211,0.171
2007-01-06,13:00:00,0.96,0.124,239.15,4.02,0.328,0.123,0.118
2007-01-06,14:00:00,1.014,0.13,240.54,4.22,0.394,0.201,0.082
2007-01-06,15:00:00,1.126,0.122,240.21,4.69,0.562,0.157,0.085
2007-01-06,16:00:00,1.301,0.136,240.15,5.42,0.502,0.217,0.167
2007-01-06,17:00:00,1.465,0.148,240.96,6.08,0.483,0.194,0.185
2007-01-06,18:00:00,1.905,0.218,238.73,7.98,0.915,0.276,0.188
2007-01-06,19:00:00,2.148,0.234,242.8,8.85,0.66,0.353,0.126
2007-01-06,20:00:00,2.042,0.226,238.16,8.57,0.664,0.275,0.239
2007-01-06,21:00:00,1.615,0.194,239.67,6.74,0.637,0.267,0.176
2007-01-06,22:00:00,1.276,0.137,237.63,5.37,0.407,0.146,0.065
2007-01-06,23:00:00,0.853,0.077,241.79,3.53,0.353,0.127,0.097
2007-01-07,00:00:00,0.52,0.059,238.16,2.19,0.173,0.066,0.033
2007-01-07,01:00:00,0.395,0.041,241.51,1.63,0.17,0.076,0.052
2007-01-07,02:00:00,0.39,0.035,240.53,1.62,0.126,0.071,0.046
2007-01-07,03:00:00,0.427,0.035,240.35,1.77,0.197,0.063,0.024
2007-01-07,04:00:00,0.397,0.051,242.23,1.64,0.177,0.058,0.041
2007-01-07,05:00:00,0.876,0.1,238.79,3.67,0.425,0.161,0.114
2007-01-07,06:00:00,0.583,0.044,242.93,2.4,0.183,0.099,0.078
2007-01-07,07:00:00,0.998,0.106,239.23,4.17,0.41,0.168,0.058
2007-01-07,08:00:00,1.295,0.162,240.86,5.38,0.572,0.201,0.075
2007-01-07,09:00:00,1.27,0.112,239.61,5.3,0.61,0.236,0.162
2007-01-07,10:00:00,1.101,0.137,241.23,4.56,0.436,0.131,0.081
2007-01-07,11:00:00,1.051,0.088,237.99,4.42,0.515,0.196,0.115
2007-01-07,12:00:00,1.054,0.113,240.21,4.39,0.342,0.16,0.117
2007-01-07,13:00:00,1.072,0.072,240.04,4.47,0.415,0.174,0.121
2007-01-07,14:00:00,1.091,0.122,240.87,4.53,0.383,0.214,0.091
2007-01-07,15:00:00,1.056,0.101,240.81,4.39,0.35,0.15,0.057
2007-01-07,16:00:00,1.204,0.086,238.28,5.05,0.43,0.201,0.125
2007-01-07,17:00:00,1.651,0.156,242.61,6.81,0.715,0.251,0.168
2007-01-07,18:00:00,1.818,0.217,239.88,7.58,0.721,0.351,0.17
2007-01-07,19:00:00,2.129,0.224,241.46,8.82,0.716,0.317,0.166
2007-01-07,20:00:00,2.12,0.214,237.48,8.93,0.65,0.266,0.285
2007-01-07,21:00:00,1.704,0.181,239.17,7.12,0.826,0.253,0.148
2007-01-07,22:00:00,1.33,0.153,242.16,5.49,0.483,0.255,0.083
2007-01-07,23:00:00,0.841,0.115,243.27,3.46,0.274,0.126,0.106
2007-01-08,00:00:00,0.41,0.035,240.85,1.7,0.135,0.047,0.047
2007-01-08,01:00:00,0.4,0.052,239.82,1.67,0.14,0.062,0.032
2007-01-08,02:00:00,0.369,0.046,237.88,1.55,0.128,0.051,0.024
2007-01-08,03:00:00,0.307,0.033,241.59,1.27,0.109,0.051,0.029
2007-01-08,04:00:00,0.25,0.021,240.61,1.04,0.086,0.031,0.014
2007-01-08,05:00:00,0.387,0.071,235.29,1.64,0.149,0.051,0.028
2007-01-08,06:00:00,0.452,0.05,236.53,1.91,0.205,0.069,0.066
2007-01-08,07:00:00,0.9,0.066,240.7,3.74,0.275,0.101,0.059
2007-01-08,08:00:00,1.291,0.071,238.34,5.42,0.436,0.156,0.1
2007-01-08,09:00:00,1.052,0.124,237.92,4.42,0.465,0.19,0.067
2007-01-08,10:00:00,1.004,0.092,239.79,4.19,0.331,0.195,0.142
2007-01-08,11:00:00,0.854,0.082,240.69,3.55,0.383,0.168,0.122
2007-01-08,12:00:00,0.978,0.106,242.86,4.03,0.394,0.19,0.055
2007-01-08,13:00:00,0.895,0.139,238.37,3.76,0.426,0.174,0.125
2007-01-08,14:00:00,0.9,0.117,240.87,3.74,0.272,0.164,0.058
2007-01-08,15:00:00,0.839,0.079,237.95,3.53,0.383,0.146,0.075
2007-01-08,16:00:00,1.126,0.127,239.01,4.71,0.467,0.139,0.122
2007-01-08,17:00:00,1.401,0.128,240.38,5.83,0.552,0.202,0.135
2007-01-08,18:00:00,1.644,0.18,239.7,6.86,0.541,0.23,0.105
2007-01-08,19:00:00,1.768,0.16,237.27,7.45,0.613,0.306,0.228
2007-01-08,20:00:00,1.658,0.169,241.03,6.88,0.758,0.245,0.197
2007-01-08,21:00:00,1.59,0.163,241.48,6.59,0.524,0.216,0.229
2007-01-08,22:00:00,1.254,0.104,244.72,5.12,0.508,0.227,0.107
2007-01-08,23:00:00,0.748,0.063,240.44,3.11,0.256,0.131,0.07
2007-01-09,00:00:00,0.416,-0.002,240.35,1.73,0.166,0.057,0.035
2007-01-09,01:00:00,0.356,0.028,240.61,1.48,0.125,0.05,0.02
2007-01-09,02:00:00,0.454,0.068,237.27,1.91,0.168,0.086,0.025
2007-01-09,03:00:00,0.368,0.077,237.41,1.55,0.169,0.064,0.046
2007-01-09,04:00:00,0.3,0.06,239.83,1.25,0.092,0.051,0.024
2007-01-09,05:00:00,0.561,0.048,235.41,2.39,0.272,0.096,0.055
2007-01-09,06:00:00,0.617,0.062,237.74,2.59,0.224,0.068,0.091
2007-01-09,07:00:00,0.912,0.09,239.0,3.82,0.383,0.143,0.047
2007-01-09,08:00:00,1.237,0.119,242.02,5.11,0.426,0.16,0.126
2007-01-09,09:00:00,1.215,0.141,240.52,5.05,0.452,0.132,0.124
2007-01-09,10:00:00,1.064,0.095,236.96,4.49,0.417,0.184,0.159
2007-01-09,11:00:00,0.94,0.123,239.92,3.92,0.412,0.123,0.125
2007-01-09,12:00:00,1.077,0.111,241.17,4.47,0.511,0.141,0.061
2007-01-09,13:00:00,1.01,0.078,241.43,4.18,0.478,0.166,0.066
2007-01-09,14:00:00,0.899,0.088,242.09,3.72,0.33,0.15,0.048
2007-01-09,15:00:00,0.88,0.098,242.4,3.63,0.28,0.13,0.061
2007-01-09,16:00:00,1.018,0.121,241.14,4.22,0.494,0.158,0.072
2007-01-09,17:00:00,1.244,0.14,240.97,5.16,0.381,0.23,0.073
2007-01-09,18:00:00,1.744,0.168,240.47,7.25,0.831,0.193,0.179
2007-01-09,19:00:00,1.773,0.167,241.68,7.34,0.541,0.189,0.261
2007-01-09,20:00:00,1.798,0.214,238.42,7.54,0.891,0.298,0.234
2007-01-09,21:00:00,1.441,0.145,239.59,6.01,0.436,0.231,0.101
2007-01-09,22:00:00,1.248,0.102,238.6,5.23,0.379,0.148,0.16
2007-01-09,23:00:00,0.688,0.057,240.87,2.86,0.276,0.105,0.102
2007-01-10,00:00:00,0.917,0.052,239.48,3.83,0.398,0.16,0.122
2007-01-10,01:00:00,0.339,0.001,242.03,1.4,0.126,0.059,0.033
2007-01-10,02:00:00,0.447,0.034,240.1,1.86,0.188,0.071,0.034
2007-01-10,03:00:00,0.435,0.028,242.13,1.79,0.204,0.049,0.054
2007-01-10,04:00:00,0.371,0.023,235.78,1.57,0.17,0.048,0.048
2007-01-10,05:00:00,0.432,0.059,238.56,1.81,0.206,0.061,0.034
2007-01-10,06:00:00,0.615,0.079,241.88,2.54,0.204,0.11,0.045
2007-01-10,07:00:00,0.855,0.062,240.04,3.56,0.295,0.132,0.1
2007-01-10,08:00:00,1.347,0.173,242.11,5.56,0.563,0.234,0.187
2007-01-10,09:00:00,1.17,0.119,240.5,4.87,0.52,0.225,0.061
2007-01-10,10:00:00,0.929,0.093,238.13,3.9,0.299,0.151,0.138
2007-01-10,11:00:00,1.069,0.091,243.59,4.39,0.358,0.132,0.074
2007-01-10,12:00:00,1.035,0.097,238.67,4.34,0.502,0.118,0.088
2007-01-10,13:00:00,0.939,0.134,238.51,3.94,0.287,0.094,0.052
2007-01-10,14:00:00,0.905,0.069,241.64,3.74,0.344,0.106,0.05
2007-01-10,15:00:00,0.917,0.097,238.18,3.85,0.314,0.116,0.071
2007-01-10,16:00:00,1.082,0.097,237.41,4.56,0.492,0.137,0.115
2007-01-10,17:00:00,1.399,0.104,238.46,5.87,0.661,0.233,0.196
2007-01-10,18:00:00,1.718,0.141,241.64,7.11,0.6,0.198,0.098
2007-01-10,19:00:00,1.91,0.203,244.28,7.82,0.798,0.274,0.2
2007-01-10,20:00:00,1.772,0.143,240.01,7.38,0.83,0.178,0.162
2007-01-10,21:00:00,1.497,0.125,238.55,6.27,0.628,0.189,0.223
2007-01-10,22:00:00,1.182,0.135,242.47,4.88,0.497,0.123,0.081
2007-01-10,23:00:00,0.816,0.096,238.77,3.42,0.312,0.139,0.071
2007-01-11,00:00:00,0.466,0.048,239.11,1.95,0.201,0.063,0.025
2007-01-11,01:00:00,0.432,0.02,240.83,1.79,0.212,0.064,0.061
2007-01-11,02:00:00,0.431,0.019,242.28,1.78,0.155,0.076,0.048
2007-01-11,03:00:00,0.376,0.011,240.14,1.56,0.128,0.07,0.041
2007-01-11,04:00:00,0.451,0.042,239.29,1.89,0.222,0.068,0.025
2007-01-11,05:00:00,0.369,0.05,244.64,1.51,0.115,0.061,0.022
2007-01-11,06:00:00,0.491,0.041,238.66,2.06,0.23,0.085,0.063
2007-01-11,07:00:00,0.969,0.115,238.88,4.06,0.467,0.125,0.102
2007-01-11,08:00:00,1.331,0.165,239.22,5.56,0.458,0.227,0.093
2007-01-11,09:00:00,1.17,0.125,241.1,4.85,0.451,0.193,0.123
2007-01-11,10:00:00,1.015,0.076,239.07,4.25,0.329,0.146,0.149
2007-01-11,11:00:00,0.999,0.102,241.63,4.13,0.373,0.134,0.06
2007-01-11,12:00:00,1.047,0.132,239.9,4.37,0.41,0.207,0.154
2007-01-11,13:00:00,0.989,0.086,239.36,4.13,0.398,0.197,0.126
2007-01-11,14:00:00,0.903,0.077,238.88,3.78,0.293,0.153,0.058
2007-01-11,15:00:00,1.005,0.123,239.95,4.19,0.382,0.139,0.132
2007-01-11,16:00:00,1.158,0.087,240.89,4.81,0.492,0.203,0.144
2007-01-11,17:00:00,1.418,0.146,239.93,5.91,0.567,0.238,0.152
2007-01-11,18:00:00,1.716,0.159,240.47,7.14,0.804,0.265,0.219
2007-01-11,19:00:00,1.884,0.18,238.45,7.9,0.924,0.213,0.121
2007-01-11,20:00:00,1.847,0.219,238.57,7.74,0.856,0.359,0.226
2007-01-11,21:00:00,1.632,0.154,239.99,6.8,0.505,0.201,0.186
2007-01-11,22:00:00,1.162,0.119,240.24,4.84,0.398,0.162,0.091
2007-01-11,23:00:00,0.765,0.097,240.1,3.19,0.243,0.103,0.091
2007-01-12,00:00:00,0.552,0.03,238.82,2.31,0.213,0.064,0.065
2007-01-12,01:00:00,0.502,0.067,240.15,2.09,0.223,0.051,0.037
2007-01-12,02:00:00,0.413,0.032,240.05,1.72,0.127,0.08,0.027
2007-01-12,03:00:00,0.421,0.016,239.76,1.75,0.149,0.073,0.036
2007-01-12,04:00:00,0.344,0.025,238.7,1.44,0.11,0.035,0.031
2007-01-12,05:00:00,0.459,0.047,241.04,1.9,0.175,0.077,0.061
2007-01-12,06:00:00,0.683,0.073,239.98,2.85,0.331,0.077,0.064
2007-01-12,07:00:00,0.952,0.08,238.5,3.99,0.364,0.164,0.118
2007-01-12,08:00:00,1.267,0.122,239.75,5.29,0.541,0.191,0.122
2007-01-12,09:00:00,1.146,0.087,238.83,4.8,0.432,0.227,0.065
2007-01-12,10:00:00,0.972,0.083,240.01,4.05,0.434,0.139,0.112
2007-01-12,11:00:00,1.08,0.081,242.86,4.45,0.484,0.189,0.151
2007-01-12,12:00:00,0.988,0.097,240.3,4.11,0.324,0.103,0.101
2007-01-12,13:00:00,0.832,0.066,240.4,3.46,0.358,0.161,0.1
2007-01-12,14:00:00,0.835,0.125,242.85,3.44,0.315,0.13,0.107
2007-01-12,15:00:00,0.988,0.106,240.54,4.11,0.466,0.13,0.096
2007-01-12,16:00:00,1.072,0.075,240.87,4.45,0.355,0.121,0.08
2007-01-12,17:00:00,1.383,0.123,240.29,5.76,0.663,0.227,0.188
2007-01-12,18:00:00,1.721,0.186,239.23,7.2,0.693,0.301,0.229
2007-01-12,19:00:00,1.859,0.191,240.9,7.72,0.653,0.202,0.253
2007-01-12,20:00:00,1.777,0.146,243.4,7.3,0.652,0.207,0.236
2007-01-12,21:00:00,1.627,0.147,237.36,6.86,0.49,0.225,0.103
2007-01-12,22:00:00,1.201,0.133,239.09,5.02,0.588,0.222,0.11
2007-01-12,23:00:00,0.633,0.071,238.29,2.66,0.218,0.126,0.044
2007-01-13,00:00:00,0.5,0.062,238.52,2.1,0.241,0.087,0.033
2007-01-13,01:00:00,0.411,0.035,242.45,1.69,0.193,0.041,0.053
2007-01-13,02:00:00,0.464,0.029,239.68,1.94,0.172,0.088,0.046
2007-01-13,03:00:00,0.457,0.02,241.45,1.89,0.156,0.047,0.027
2007-01-13,04:00:00,0.435,0.062,238.67,1.82,0.168,0.082,0.039
2007-01-13,05:00:00,0.483,0.087,238.71,2.02,0.235,0.068,0.072
2007-01-13,06:00:00,0.732,0.079,237.96,3.07,0.345,0.127,0.052
2007-01-13,07:00:00,1.064,0.125,242.89,4.38,0.423,0.116,0.095
2007-01-13,08:00:00,1.439,0.128,241.55,5.96,0.589,0.168,0.157
2007-01-13,09:00:00,1.294,0.129,237.9,5.44,0.494,0.188,0.091
2007-01-13,10:00:00,1.15,0.114,242.28,4.75,0.562,0.119,0.169
2007-01-13,11:00:00,1.1,0.118,239.48,4.59,0.548,0.153,0.125
2007-01-13,12:00:00,1.199,0.121,240.91,4.98,0.429,0.21,0.087
2007-01-13,13:00:00,1.147,0.17,240.09,4.78,0.562,0.19,0.109
2007-01-13,14:00:00,0.999,0.116,237.13,4.21,0.489,0.135,0.086
2007-01-13,15:00:00,1.042,0.13,238.34,4.37,0.411,0.105,0.065
2007-01-13,16:00:00,1.297,0.135,242.71,5.34,0.497,0.165,0.102
2007-01-13,17:00:00,1.622,0.12,241.88,6.71,0.769,0.288,0.171
2007-01-13,18:00:00,2.05,0.214,237.96,8.61,1.001,0.275,0.121
2007-01-13,19:00:00,2.196,0.242,240.42,9.13,0.836,0.303,0.12
2007-01-13,20:00:00,2.054,0.233,239.57,8.57,0.818,0.221,0.214
2007-01-13,21:00:00,1.836,0.182,242.28,7.58,0.673,0.294,0.171
2007-01-13,22:00:00,1.342,0.105,239.59,5.6,0.459,0.218,0.092
2007-01-13,23:00:00,0.822,0.076,238.46,3.45,0.411,0.118,0.1
2007-01-14,00:00:00,0.602,0.031,241.47,2.49,0.203,0.106,0.035
2007-01-14,01:00:00,0.547,0.08,242.38,2.26,0.253,0.103,0.042
2007-01-14,02:00:00,0.572,0.066,240.79,2.38,0.22,0.1,0.034
2007-01-14,03:00:00,0.461,0.036,241.14,1.91,0.146,0.071,0.057
2007-01-14,04:00:00,0.408,0.056,237.61,1.72,0.149,0.079,0.046
2007-01-14,05:00:00,0.419,0.071,237.44,1.76,0.133,0.058,0.029
2007-01-14,06:00:00,0.609,0.077,237.3,2.56,0.302,0.101,0.064
2007-01-14,07:00:00,0.998,0.14,242.1,4.12,0.352,0.157,0.119
2007-01-14,08:00:00,1.605,0.143,239.23,6.71,0.721,0.296,0.086
2007-01-14,09:00:00,1.745,0.194,241.65,7.22,0.672,0.262,0.203
2007-01-14,10:00:00,1.202,0.091,238.8,5.03,0.524,0.187,0.098
2007-01-14,11:00:00,1.199,0.158,239.97,5.0,0.421,0.174,0.076
2007-01-14,12:00:00,1.245,0.139,238.39,5.22,0.397,0.142,0.164
2007-01-14,13:00:00,1.119,0.104,239.34,4.67,0.516,0.211,0.124
2007-01-14,14:00:00,1.129,0.09,236.58,4.77,0.5,0.21,0.118
2007-01-14,15:00:00,1.094,0.099,239.36,4.57,0.352,0.186,0.146
2007-01-14,16:00:00,1.302,0.125,239.19,5.44,0.581,0.176,0.1
2007-01-14,17:00:00,1.509,0.155,236.61,6.38,0.633,0.205,0.078
2007-01-14,18:00:00,1.975,0.197,240.85,8.2,0.66,0.205,0.286
2007-01-14,19:00:00,2.245,0.212,241.15,9.31,1.044,0.242,0.171
2007-01-14,20:00:00,2.162,0.239,238.68,9.06,0.951,0.327,0.245
2007-01-14,21:00:00,1.865,0.153,237.59,7.85,0.749,0.196,0.275
2007-01-14,22:00:00,1.536,0.165,243.46,6.31,0.516,0.169,0.113
2007-01-14,23:00:00,0.899,0.094,240.51,3.74,0.367,0.112,0.134
2007-01-15,00:00:00,0.504,0.05,235.24,2.14,0.168,0.069,0.052
2007-01-15,01:00:00,0.521,0.065,239.14,2.18,0.175,0.078,0.076
2007-01-15,02:00:00,0.402,0.027,238.7,1.68,0.14,0.053,0.024
2007-01-15,03:00:00,0.362,0.021,238.55,1.52,0.156,0.07,0.037
2007-01-15,04:00:00,0.415,0.036,242.18,1.71,0.181,0.081,0.06
2007-01-15,05:00:00,0.614,0.051,240.51,2.55,0.193,0.065,0.04
2007-01-15,06:00:00,0.667,0.062,241.27,2.77,0.287,0.132,0.052
2007-01-15,07:00:00,0.974,0.112,239.72,4.06,0.299,0.114,0.069
2007-01-15,08:00:00,1.242,0.126,241.71,5.14,0.597,0.165,0.182
2007-01-15,09:00:00,1.175,0.118,239.25,4.91,0.536,0.216,0.09
2007-01-15,10:00:00,1.169,0.122,240.47,4.86,0.52,0.197,0.073
2007-01-15,11:00:00,1.002,0.094,240.97,4.16,0.349,0.106,0.13
2007-01-15,12:00:00,1.216,0.14,238.75,5.09,0.605,0.216,0.123
2007-01-15,13:00:00,1.046,0.116,235.81,4.44,0.507,0.174,0.114
2007-01-15,14:00:00,0.946,0.095,236.61,4.0,0.376,0.185,0.105
2007-01-15,15:00:00,1.002,0.078,244.62,4.09,0.307,0.191,0.111
2007-01-15,16:00:00,1.147,0.141,241.3,4.75,0.461,0.227,0.109
2007-01-15,17:00:00,1.324,0.146,241.4,5.49,0.438,0.193,0.195
2007-01-15,18:00:00,1.795,0.191,242.84,7.39,0.751,0.306,0.121
2007-01-15,19:00:00,1.959,0.23,237.75,8.24,0.974,0.384,0.286
2007-01-15,20:00:00,2.253,0.239,238.55,9.44,1.017,0.226,0.178
2007-01-15,21:00:00,1.602,0.159,237.79,6.74,0.584,0.287,0.111
2007-01-15,22:00:00,1.268,0.117,244.71,5.18,0.48,0.134,0.143
2007-01-15,23:00:00,0.951,0.084,238.0,4.0,0.465,0.19,0.132
2007-01-16,00:00:00,0.662,0.072,242.51,2.73,0.213,0.067,0.057
2007-01-16,01:00:00,0.517,0.071,238.68,2.16,0.247,0.08,0.03
2007-01-16,02:00:00,0.418,0.061,240.17,1.74,0.132,0.064,0.043
2007-01-16,03:00:00,0.35,0.007,242.54,1.44,0.134,0.046,0.052
2007-01-16,04:00:00,0.449,0.063,240.57,1.87,0.202,0.078,0.04
2007-01-16,05:00:00,0.461,0.04,239.74,1.92,0.175,0.058,0.024
2007-01-16,06:00:00,0.647,0.053,244.54,2.65,0.268,0.084,0.065
2007-01-16,07:00:00,0.981,0.105,236.33,4.15,0.391,0.116,0.087
2007-01-16,08:00:00,1.397,0.155,238.11,5.87,0.588,0.239,0.079
2007-01-16,09:00:00,1.154,0.091,239.38,4.82,0.386,0.135,0.159
2007-01-16,10:00:00,1.442,0.149,242.09,5.96,0.599,0.274,0.161
2007-01-16,11:00:00,1.012,0.069,238.99,4.23,0.503,0.13,0.066
2007-01-16,12:00:00,1.112,0.127,241.94,4.59,0.377,0.169,0.159
2007-01-16,13:00:00,1.044,0.082,236.56,4.41,0.327,0.154,0.112
2007-01-16,14:00:00,1.122,0.116,242.3,4.63,0.424,0.191,0.133
2007-01-16,15:00:00,0.897,0.082,241.79,3.71,0.336,0.111,0.097
2007-01-16,16:00:00,1.23,0.112,237.85,5.17,0.4,0.226,0.182
2007-01-16,17:00:00,1.487,0.109,239.93,6.2,0.616,0.258,0.207
2007-01-16,18:00:00,1.694,0.141,239.46,7.07,0.656,0.227,0.088
2007-01-16,19:00:00,1.916,0.19,240.9,7.95,0.896,0.215,0.099
2007-01-16,20:00:00,1.986,0.18,242.32,8.19,0.764,0.299,0.196
2007-01-16,21:00:00,1.583,0.152,238.63,6.63,0.787,0.314,0.129
2007-01-16,22:00:00,1.195,0.104,240.74,4.96,0.545,0.122,0.124
2007-01-16,23:00:00,0.849,0.079,240.49,3.53,0.337,0.157,0.071
2007-01-17,00:00:00,0.613,0.037,240.25,2.55,0.251,0.104,0.084
2007-01-17,01:00:00,0.577,0.048,242.91,2.38,0.273,0.068,0.039
2007-01-17,02:00:00,0.541,0.049,240.32,2.25,0.246,0.08,0.03
2007-01-17,03:00:00,0.5,0.051,237.57,2.11,0.216,0.081,0.042
2007-01-17,04:00:00,0.34,-0.003,241.48,1.41,0.12,0.058,0.022
2007-01-17,05:00:00,0.517,0.053,243.2,2.13,0.198,0.099,0.056
2007-01-17,06:00:00,0.69,0.047,240.28,2.87,0.316,0.129,0.067
2007-01-17,07:00:00,1.017,0.074,242.7,4.19,0.433,0.135,0.123
2007-01-17,08:00:00,1.323,0.157,239.16,5.53,0.65,0.148,0.076
2007-01-17,09:00:00,1.175,0.132,240.83,4.88,0.558,0.13,0.147
2007-01-17,10:00:00,1.042,0.115,236.87,4.4,0.401,0.205,0.081
2007-01-17,11:00:00,1.07,0.103,238.78,4.48,0.384,0.209,0.125
2007-01-17,12:00:00,1.168,0.105,240.34,4.86,0.38,0.213,0.092
2007-01-17,13:00:00,1.052,0.135,241.34,4.36,0.401,0.208,0.14
2007-01-17,14:00:00,0.915,0.094,240.87,3.8,0.316,0.117,0.122
2007-01-17,15:00:00,1.055,0.088,242.56,4.35,0.32,0.193,0.085
2007-01-17,16:00:00,1.118,0.092,236.94,4.72,0.366,0.168,0.158
2007-01-17,17:00:00,1.391,0.145,242.94,5.73,0.543,0.25,0.114
2007-01-17,18:00:00,1.739,0.167,238.57,7.29,0.832,0.28,0.243
2007-01-17,19:00:00,1.909,0.212,237.54,8.03,0.695,0.352,0.132
2007-01-17,20:00:00,1.824,0.184,242.07,7.54,0.708,0.255,0.144
2007-01-17,21:00:00,1.725,0.149,237.78,7.26,0.65,0.343,0.239
2007-01-17,22:00:00,1.13,0.15,242.83,4.65,0.422,0.138,0.066
2007-01-17,23:00:00,0.818,0.061,235.64,3.47,0.364,0.137,0.098
2007-01-18,00:00:00,0.581,0.034,238.49,2.44,0.233,0.105,0.069
2007-01-18,01:00:00,0.603,0.059,241.75,2.5,0.23,0.096,0.089
2007-01-18,02:00:00,0.509,0.06,241.34,2.11,0.249,0.066,0.075
2007-01-18,03:00:00,0.449,0.027,234.73,1.91,0.159,0.07,0.044
2007-01-18,04:00:00,0.422,0.056,238.67,1.77,0.197,0.063,0.049
2007-01-18,05:00:00,0.6,0.05,236.57,2.54,0.242,0.071,0.039
2007-01-18,06:00:00,0.614,0.11,240.28,2.55,0.238,0.108,0.045
2007-01-18,07:00:00,1.0,0.107,240.1,4.17,0.313,0.127,0.106
2007-01-18,08:00:00,1.368,0.115,239.5,5.71,0.645,0.251,0.101
2007-01-18,09:00:00,1.277,0.114,239.79,5.33,0.452,0.155,0.092
2007-01-18,10:00:00,1.213,0.131,237.8,5.1,0.529,0.182,0.063
2007-01-18,11:00:00,1.097,0.093,238.53,4.6,0.521,0.186,0.063
2007-01-18,12:00:00,1.112,0.11,242.13,4.59,0.453,0.222,0.135
2007-01-18,13:00:00,1.556,0.195,239.02,6.51,0.666,0.198,0.08
2007-01-18,14:00:00,1.086,0.121,238.86,4.55,0.4,0.178,0.152
2007-01-18,15:00:00,1.125,0.124,242.28,4.64,0.501,0.13,0.065
2007-01-18,16:00:00,1.204,0.16,237.64,5.07,0.519,0.219,0.079
2007-01-18,17:00:00,1.401,0.125,242.96,5.77,0.545,0.261,0.118
2007-01-18,18:00:00,2.031,0.203,243.13,8.35,0.867,0.383,0.249
2007-01-18,19:00:00,1.981,0.192,237.97,8.33,0.698,0.385,0.238
2007-01-18,20:00:00,1.95,0.183,241.84,8.06,0.842,0.264,0.146
2007-01-18,21:00:00,1.564,0.151,235.68,6.64,0.68,0.261,0.129
2007-01-18,22:00:00,1.28,0.119,240.2,5.33,0.498,0.168,0.169
2007-01-18,23:00:00,0.839,0.071,237.98,3.52,0.293,0.151,0.084
2007-01-19,00:00:00,0.637,0.058,241.01,2.64,0.293,0.09,0.061
2007-01-19,01:00:00,0.505,0.037,240.63,2.1,0.227,0.078,0.057
2007-01-19,02:00:00,0.459,0.052,239.45,1.92,0.143,0.052,0.044
2007-01-19,03:00:00,0.474,0.028,237.81,1.99,0.189,0.088,0.044
2007-01-19,04:00:00,0.407,0.061,241.83,1.68,0.13,0.06,0.053
2007-01-19,05:00:00,0.601,0.075,239.94,2.51,0.219,0.099,0.086
2007-01-19,06:00:00,0.675,0.076,238.59,2.83,0.26,0.113,0.071
2007-01-19,07:00:00,0.931,0.084,238.97,3.9,0.312,0.119,0.073
2007-01-19,08:00:00,1.353,0.136,239.81,5.64,0.533,0.243,0.196
2007-01-19,09:00:00,1.296,0.127,239.8,5.4,0.572,0.238,0.156
2007-01-19,10:00:00,1.113,0.112,240.62,4.63,0.431,0.169,0.128
2007-01-19,11:00:00,1.109,0.084,241.91,4.58,0.385,0.211,0.123
2007-01-19,12:00:00,1.072,0.109,242.09,4.43,0.411,0.124,0.133
2007-01-19,13:00:00,1.051,0.112,239.55,4.39,0.44,0.149,0.134
2007-01-19,14:00:00,0.999,0.129,240.85,4.15,0.487,0.104,0.129
2007-01-19,15:00:00,1.202,0.1,239.6,5.02,0.481,0.168,0.177
2007-01-19,16:00:00,1.155,0.092,242.43,4.77,0.552,0.231,0.105
2007-01-19,17:00:00,1.497,0.169,239.74,6.24,0.744,0.219,0.111
2007-01-19,18:00:00,1.813,0.151,240.24,7.55,0.747,0.257,0.162
2007-01-19,19:00:00,2.085,0.238,239.95,8.69,0.687,0.352,0.264
2007-01-19,20:00:00,1.998,0.223,240.92,8.29,0.949,0.209,0.208
2007-01-19,21:00:00,1.629,0.174,241.26,6.75,0.77,0.22,0.222
2007-01-19,22:00:00,1.204,0.09,242.77,4.96,0.57,0.185,0.089
2007-01-19,23:00:00,1.193,0.116,242.42,4.92,0.584,0.177,0.148
2007-01-20,00:00:00,0.691,0.068,240.09,2.88,0.245,0.113,0.052
2007-01-20,01:00:00,0.663,0.072,239.91,2.76,0.243,0.076,0.086
2007-01-20,02:00:00,0.627,0.074,239.55,2.62,0.274,0.088,0.059
2007-01-20,03:00:00,0.513,0.036,242.02,2.12,0.212,0.084,0.076
2007-01-20,04:00:00,0.532,0.074,240.49,2.21,0.252,0.069,0.062
2007-01-20,05:00:00,0.69,0.079,244.92,2.82,0.242,0.111,0.086
2007-01-20,06:00:00,0.708,0.081,239.87,2.95,0.306,0.139,0.038
2007-01-20,07:00:00,0.98,0.094,243.04,4.03,0.478,0.189,0.118
2007-01-20,08:00:00,1.647,0.172,243.06,6.77,0.565,0.284,0.151
2007-01-20,09:00:00,1.359,0.093,243.01,5.59,0.491,0.16,0.112
2007-01-20,10:00:00,1.262,0.134,239.34,5.27,0.481,0.225,0.163
2007-01-20,11:00:00,1.233,0.156,239.83,5.14,0.391,0.178,0.09
2007-01-20,12:00:00,1.253,0.141,239.68,5.23,0.42,0.245,0.085
2007-01-20,13:00:00,1.671,0.18,242.95,6.88,0.629,0.269,0.143
2007-01-20,14:00:00,1.292,0.145,239.1,5.4,0.407,0.157,0.146
2007-01-20,15:00:00,1.159,0.14,238.84,4.85,0.432,0.152,0.088
2007-01-20,16:00:00,1.365,0.133,241.39,5.66,0.476,0.18,0.145
2007-01-20,17:00:00,1.657,0.185,237.34,6.98,0.784,0.211,0.147
2007-01-20,18:00:00,2.05,0.214,241.54,8.49,0.864,0.363,0.184
2007-01-20,19:00:00,2.22,0.223,237.72,9.34,1.065,0.297,0.156
2007-01-20,20:00:00,2.142,0.241,239.18,8.96,0.73,0.256,0.176
2007-01-20,21:00:00,1.845,0.171,242.31,7.62,0.584,0.295,0.143
2007-01-20,22:00:00,1.407,0.128,238.89,5.89,0.522,0.206,0.105
2007-01-20,23:00:00,0.96,0.049,240.61,3.99,0.299,0.098,0.056
2007-01-21,00:00:00,0.538,0.035,242.42,2.22,0.257,0.069,0.05
2007-01-21,01:00:00,0.62,0.053,237.72,2.61,0.209,0.064,0.046
2007-01-21,02:00:00,0.552,0.054,240.35,2.3,0.181,0.098,0.081
2007-01-21,03:00:00,0.497,0.059,241.29,2.06,0.228,0.097,0.055
2007-01-21,04:00:00,0.547,0.072,237.16,2.3,0.242,0.082,0.053
2007-01-21,05:00:00,1.016,0.075,237.92,4.27,0.316,0.158,0.085
2007-01-21,06:00:00,0.742,0.076,243.23,3.05,0.298,0.137,0.071
2007-01-21,07:00:00,1.141,0.094,237.71,4.8,0.445,0.116,0.096
2007-01-21,08:00:00,1.555,0.129,239.3,6.5,0.587,0.181,0.211
2007-01-21,09:00:00,1.37,0.144,235.97,5.81,0.446,0.227,0.104
2007-01-21,10:00:00,1.409,0.143,238.43,5.91,0.645,0.245,0.11
2007-01-21,11:00:00,1.187,0.129,241.55,4.92,0.413,0.193,0.144
2007-01-21,12:00:00,1.308,0.142,241.92,5.41,0.512,0.254,0.183
2007-01-21,13:00:00,1.374,0.128,241.59,5.69,0.654,0.191,0.162
2007-01-21,14:00:00,1.119,0.134,239.93,4.66,0.407,0.174,0.065
2007-01-21,15:00:00,1.247,0.106,237.85,5.24,0.383,0.244,0.174
2007-01-21,16:00:00,1.509,0.13,240.83,6.27,0.721,0.287,0.192
2007-01-21,17:00:00,1.57,0.165,239.12,6.56,0.626,0.162,0.116
2007-01-21,18:00:00,2.123,0.217,236.78,8.97,0.848,0.287,0.119
2007-01-21,19:00:00,2.281,0.212,240.06,9.5,0.936,0.397,0.278
2007-01-21,20:00:00,2.163,0.2,242.54,8.92,0.727,0.217,0.159
2007-01-21,21:00:00,1.898,0.197,242.22,7.84,0.841,0.354,0.194
2007-01-21,22:00:00,1.425,0.148,242.36,5.88,0.494,0.214,0.084
2007-01-21,23:00:00,1.094,0.089,240.61,4.55,0.394,0.119,0.117
2007-01-22,00:00:00,0.641,0.051,238.14,2.69,0.273,0.092,0.033
2007-01-22,01:00:00,0.619,0.044,241.17,2.57,0.279,0.092,0.064
2007-01-22,02:00:00,0.507,0.008,240.3,2.11,0.226,0.069,0.068
2007-01-22,03:00:00,0.531,0.08,239.49,2.22,0.168,0.077,0.057
2007-01-22,04:00:00,0.491,0.054,241.33,2.03,0.221,0.093,0.068
2007-01-22,05:00:00,0.494,0.073,240.91,2.05,0.214,0.065,0.052
2007-01-22,06:00:00,0.789,0.073,238.76,3.3,0.332,0.155,0.094
2007-01-22,07:00:00,1.056,0.086,238.67,4.43,0.521,0.178,0.092
2007-01-22,08:00:00,1.472,0.13,237.69,6.19,0.544,0.279,0.117
2007-01-22,09:00:00,1.253,0.108,240.51,5.21,0.547,0.151,0.105
2007-01-22,10:00:00,1.238,0.113,241.81,5.12,0.513,0.185,0.075
2007-01-22,11:00:00,1.131,0.082,238.82,4.73,0.427,0.177,0.085
2007-01-22,12:00:00,1.177,0.11,237.87,4.95,0.539,0.128,0.104
2007-01-22,13:00:00,1.165,0.105,241.01,4.83,0.444,0.174,0.098
2007-01-22,14:00:00,1.019,0.119,243.16,4.19,0.42,0.19,0.101
2007-01-22,15:00:00,1.182,0.129,243.98,4.85,0.487,0.124,0.117
2007-01-22,16:00:00,1.195,0.112,243.03,4.92,0.481,0.196,0.148
2007-01-22,17:00:00,1.497,0.159,239.9,6.24,0.586,0.298,0.134
2007-01-22,18:00:00,1.765,0.155,238.2,7.41,0.589,0.27,0.208
2007-01-22,19:00:00,1.948,0.17,241.22,8.07,0.678,0.254,0.271
2007-01-22,20:00:00,1.924,0.191,239.86,8.02,0.625,0.305,0.184
2007-01-22,21:00:00,1.683,0.17,239.6,7.02,0.748,0.259,0.177
2007-01-22,22:00:00,1.336,0.131,243.8,5.48,0.6,0.148,0.157
2007-01-22,23:00:00,0.875,0.115,242.77,3.6,0.374,0.106,0.087
2007-01-23,00:00:00,0.689,0.083,241.27,2.86,0.333,0.115,0.046
2007-01-23,01:00:00,0.57,0.078,239.81,2.38,0.201,0.091,0.045
2007-01-23,02:00:00,0.521,0.041,240.02,2.17,0.242,0.07,0.028
2007-01-23,03:00:00,0.563,0.063,236.91,2.38,0.19,0.111,0.067
2007-01-23,04:00:00,0.493,0.028,242.09,2.04,0.155,0.081,0.038
2007-01-23,05:00:00,0.701,0.055,242.59,2.89,0.21,0.086,0.093
2007-01-23,06:00:00,0.748,0.081,238.47,3.14,0.311,0.11,0.086
2007-01-23,07:00:00,0.965,0.079,238.74,4.04,0.44,0.165,0.119
2007-01-23,08:00:00,1.431,0.127,241.95,5.91,0.665,0.239,0.198
2007-01-23,09:00:00,1.27,0.136,239.35,5.3,0.5,0.158,0.118
2007-01-23,10:00:00,1.081,0.093,242.27,4.46,0.337,0.178,0.074
2007-01-23,11:00:00,1.178,0.137,238.44,4.94,0.362,0.157,0.169
2007-01-23,12:00:00,1.245,0.12,239.38,5.2,0.602,0.181,0.186
2007-01-23,13:00:00,1.072,0.104,241.04,4.45,0.342,0.179,0.077
2007-01-23,14:00:00,1.094,0.114,239.35,4.57,0.5,0.173,0.136
2007-01-23,15:00:00,1.169,0.114,239.24,4.89,0.367,0.2,0.067
2007-01-23,16:00:00,1.246,0.13,239.19,5.21,0.42,0.172,0.066
2007-01-23,17:00:00,1.565,0.138,241.39,6.48,0.52,0.274,0.184
2007-01-23,18:00:00,1.851,0.131,241.93,7.65,0.658,0.188,0.14
2007-01-23,19:00:00,2.097,0.181,240.99,8.7,0.799,0.249,0.287
2007-01-23,20:00:00,1.894,0.18,238.6,7.94,0.615,0.374,0.192
2007-01-23,21:00:00,1.713,0.181,242.74,7.06,0.847,0.186,0.22
2007-01-23,22:00:00,1.327,0.176,240.51,5.52,0.399,0.221,0.08
2007-01-23,23:00:00,0.856,0.074,242.1,3.54,0.389,0.164,0.118
2007-01-24,00:00:00,1.002,0.087,237.42,4.22,0.406,0.186,0.069
2007-01-24,01:00:00,0.506,0.057,242.34,2.09,0.161,0.097,0.054
2007-01-24,02:00:00,0.566,0.061,239.26,2.36,0.183,0.112,0.063
2007-01-24,03:00:00,0.511,0.056,239.12,2.14,0.214,0.069,0.029
2007-01-24,04:00:00,0.461,0.041,240.81,1.91,0.167,0.061,0.068
2007-01-24,05:00:00,0.677,0.028,235.9,2.87,0.264,0.076,0.054
2007-01-24,06:00:00,0.758,0.08,240.7,3.15,0.311,0.091,0.092
2007-01-24,07:00:00,1.016,0.101,239.45,4.24,0.421,0.168,0.115
2007-01-24,08:00:00,1.462,0.114,242.83,6.02,0.609,0.195,0.078
2007-01-24,09:00:00,1.306,0.142,240.54,5.43,0.41,0.175,0.178
2007-01-24,10:00:00,1.097,0.124,238.01,4.61,0.492,0.181,0.088
2007-01-24,11:00:00,1.143,0.125,238.4,4.79,0.41,0.126,0.086
2007-01-24,12:00:00,1.29,0.121,235.08,5.49,0.417,0.136,0.072
2007-01-24,13:00:00,1.212,0.126,244.86,4.95,0.388,0.219,0.091
2007-01-24,14:00:00,1.069,0.089,234.99,4.55,0.371,0.191,0.12
2007-01-24,15:00:00,1.102,0.083,238.92,4.61,0.469,0.153,0.077
2007-01-24,16:00:00,1.293,0.127,241.48,5.35,0.51,0.206,0.125
2007-01-24,17:00:00,1.535,0.124,242.94,6.32,0.494,0.19,0.2
2007-01-24,18:00:00,1.837,0.181,243.61,7.54,0.563,0.251,0.267
2007-01-24,19:00:00,2.152,0.214,239.8,8.97,0.656,0.223,0.258
2007-01-24,20:00:00,1.952,0.179,241.0,8.1,0.75,0.249,0.136
2007-01-24,21:00:00,2.174,0.256,239.39,9.08,0.995,0.221,0.192
2007-01-24,22:00:00,1.336,0.122,236.89,5.64,0.554,0.19,0.141
2007-01-24,23:00:00,0.946,0.099,237.91,3.98,0.437,0.144,0.13
2007-01-25,00:00:00,0.579,0.054,236.57,2.45,0.211,0.087,0.061
2007-01-25,01:00:00,0.68,0.087,240.63,2.82,0.223,0.091,0.067
2007-01-25,02:00:00,0.625,0.056,239.32,2.61,0.288,0.075,0.047
2007-01-25,03:00:00,0.561,0.031,239.63,2.34,0.25,0.082,0.056
2007-01-25,04:00:00,0.612,0.07,241.34,2.54,0.256,0.114,0.05
2007-01-25,05:00:00,0.64,0.034,240.49,2.66,0.306,0.127,0.068
2007-01-25,06:00:00,0.668,0.05,241.32,2.77,0.285,0.088,0.087
2007-01-25,07:00:00,1.413,0.131,243.62,5.8,0.573,0.279,0.204
2007-01-25,08:00:00,1.458,0.136,238.41,6.12,0.584,0.209,0.191
2007-01-25,09:00:00,1.231,0.116,236.25,5.21,0.521,0.199,0.164
2007-01-25,10:00:00,1.27,0.119,238.84,5.32,0.512,0.229,0.109
2007-01-25,11:00:00,1.126,0.115,239.59,4.7,0.399,0.153,0.135
2007-01-25,12:00:00,1.212,0.108,240.87,5.03,0.595,0.146,0.108
2007-01-25,13:00:00,1.081,0.117,241.45,4.48,0.531,0.138,0.057
2007-01-25,14:00:00,1.114,0.095,237.87,4.68,0.371,0.205,0.154
2007-01-25,15:00:00,1.132,0.088,237.57,4.76,0.46,0.219,0.063
2007-01-25,16:00:00,1.251,0.103,242.73,5.16,0.573,0.141,0.077
2007-01-25,17:00:00,1.616,0.153,240.64,6.72,0.503,0.274,0.084
2007-01-25,18:00:00,1.936,0.213,240.71,8.04,0.629,0.2,0.11
2007-01-25,19:00:00,2.097,0.209,240.53,8.72,0.858,0.393,0.117
2007-01-25,20:00:00,2.001,0.191,240.3,8.33,0.612,0.371,0.236
2007-01-25,21:00:00,1.698,0.169,239.55,7.09,0.792,0.301,0.23
2007-01-25,22:00:00,1.322,0.108,238.58,5.54,0.627,0.241,0.171
2007-01-25,23:00:00,0.929,0.059,238.92,3.89,0.416,0.149,0.105
2007-01-26,00:00:00,0.714,0.052,244.33,2.92,0.331,0.082,0.092
2007-01-26,01:00:00,0.624,0.041,243.61,2.56,0.271,0.119,0.06
2007-01-26,02:00:00,0.587,0.107,241.85,2.43,0.193,0.067,0.082
2007-01-26,03:00:00,0.654,0.104,239.87,2.73,0.2,0.08,0.063
2007-01-26,04:00:00,0.631,0.101,241.13,2.62,0.296,0.09,0.033
2007-01-26,05:00:00,0.581,0.034,237.15,2.45,0.256,0.087,0.07
2007-01-26,06:00:00,0.776,0.113,241.99,3.21,0.295,0.085,0.103
2007-01-26,07:00:00,1.037,0.089,239.52,4.33,0.476,0.183,0.075
2007-01-26,08:00:00,1.51,0.184,240.03,6.29,0.469,0.172,0.124
2007-01-26,09:00:00,1.46,0.155,240.2,6.08,0.531,0.242,0.174
2007-01-26,10:00:00,1.194,0.1,239.64,4.98,0.44,0.173,0.128
2007-01-26,11:00:00,1.198,0.153,241.61,4.96,0.385,0.217,0.167
2007-01-26,12:00:00,1.313,0.164,243.19,5.4,0.589,0.17,0.128
2007-01-26,13:00:00,1.143,0.093,241.71,4.73,0.521,0.21,0.134
2007-01-26,14:00:00,1.117,0.118,240.13,4.65,0.465,0.14,0.086
2007-01-26,15:00:00,1.255,0.087,237.87,5.28,0.482,0.198,0.179
2007-01-26,16:00:00,1.227,0.115,240.08,5.11,0.517,0.182,0.107
2007-01-26,17:00:00,1.481,0.14,239.85,6.18,0.711,0.2,0.154
2007-01-26,18:00:00,1.794,0.171,241.65,7.43,0.667,0.182,0.2
2007-01-26,19:00:00,2.11,0.243,238.71,8.84,0.774,0.295,0.159
2007-01-26,20:00:00,1.939,0.167,238.22,8.14,0.823,0.217,0.158
2007-01-26,21:00:00,1.774,0.173,240.6,7.37,0.775,0.217,0.178
2007-01-26,22:00:00,1.433,0.158,241.84,5.92,0.561,0.242,0.11
2007-01-26,23:00:00,0.922,0.066,240.31,3.84,0.435,0.145,0.058
2007-01-27,00:00:00,0.715,0.054,241.93,2.95,0.265,0.109,0.096
2007-01-27,01:00:00,0.726,0.095,237.45,3.06,0.311,0.114,0.06
2007-01-27,02:00:00,0.645,0.091,240.95,2.68,0.28,0.072,0.059
2007-01-27,03:00:00,0.471,0.038,237.44,1.98,0.169,0.055,0.049
2007-01-27,04:00:00,0.705,0.088,245.33,2.87,0.214,0.109,0.095
2007-01-27,05:00:00,0.721,0.103,242.68,2.97,0.336,0.101,0.046
2007-01-27,06:00:00,0.815,0.073,240.77,3.39,0.323,0.119,0.092
2007-01-27,07:00:00,1.187,0.135,236.79,5.01,0.379,0.223,0.101
2007-01-27,08:00:00,1.704,0.162,237.25,7.18,0.837,0.202,0.233
2007-01-27,09:00:00,1.51,0.124,243.79,6.19,0.542,0.288,0.175
2007-01-27,10:00:00,1.367,0.137,237.68,5.75,0.54,0.254,0.088
2007-01-27,11:00:00,1.298,0.125,241.0,5.39,0.515,0.247,0.103
2007-01-27,12:00:00,1.315,0.113,243.65,5.4,0.492,0.216,0.071
2007-01-27,13:00:00,1.269,0.12,240.21,5.28,0.419,0.236,0.161
2007-01-27,14:00:00,1.205,0.116,237.61,5.07,0.531,0.24,0.11
2007-01-27,15:00:00,1.246,0.13,236.45,5.27,0.422,0.183,0.068
2007-01-27,16:00:00,1.458,0.167,240.77,6.05,0.636,0.271,0.075
2007-01-27,17:00:00,1.77,0.198,237.79,7.44,0.815,0.337,0.258
2007-01-27,18:00:00,2.216,0.22,240.0,9.23,0.675,0.29,0.3
2007-01-27,19:00:00,2.294,0.218,237.87,9.64,1.024,0.331,0.191
2007-01-27,20:00:00,2.319,0.259,238.8,9.71,0.992,0.365,0.236
2007-01-27,21:00:00,2.052,0.203,238.86,8.59,0.696,0.277,0.221
2007-01-27,22:00:00,1.576,0.146,239.48,6.58,0.668,0.208,0.16
2007-01-27,23:00:00,1.041,0.108,238.52,4.36,0.4,0.144,0.084
2007-01-28,00:00:00,0.754,0.039,240.57,3.13,0.239,0.107,0.067
2007-01-28,01:00:00,0.789,0.07,241.99,3.26,0.319,0.099,0.054
2007-01-28,02:00:00,0.643,0.054,239.28,2.69,0.318,0.095,0.034
2007-01-28,03:00:00,0.623,0.046,240.52,2.59,0.268,0.111,0.041
2007-01-28,04:00:00,0.596,0.067,238.13,2.5,0.218,0.097,0.031
2007-01-28,05:00:00,0.747,0.096,236.87,3.15,0.308,0.103,0.07
2007-01-28,06:00:00,0.703,0.104,240.8,2.92,0.314,0.081,0.082
2007-01-28,07:00:00,1.176,0.108,241.76,4.86,0.39,0.214,0.08
2007-01-28,08:00:00,1.615,0.156,236.17,6.84,0.655,0.244,0.167
2007-01-28,09:00:00,1.62,0.148,239.82,6.75,0.65,0.319,0.134
2007-01-28,10:00:00,1.389,0.15,240.86,5.77,0.521,0.174,0.086
2007-01-28,11:00:00,1.289,0.092,240.58,5.36,0.579,0.152,0.081
2007-01-28,12:00:00,1.364,0.129,238.82,5.71,0.563,0.138,0.153
2007-01-28,13:00:00,1.219,0.128,240.1,5.08,0.536,0.132,0.075
2007-01-28,14:00:00,1.309,0.118,241.85,5.41,0.549,0.181,0.138
2007-01-28,15:00:00,1.282,0.12,238.28,5.38,0.585,0.154,0.089
2007-01-28,16:00:00,1.489,0.169,243.11,6.12,0.635,0.155,0.203
2007-01-28,17:00:00,1.713,0.17,237.22,7.22,0.746,0.21,0.094
2007-01-28,18:00:00,2.123,0.236,241.8,8.78,0.733,0.367,0.188
2007-01-28,19:00:00,2.297,0.262,240.11,9.56,1.078,0.399,0.29
2007-01-28,20:00:00,2.263,0.237,238.97,9.47,0.749,0.26,0.283
2007-01-28,21:00:00,2.041,0.198,236.32,8.64,0.751,0.395,0.132
2007-01-28,22:00:00,1.537,0.185,242.38,6.34,0.735,0.178,0.107
2007-01-28,23:00:00,1.105,0.06,238.13,4.64,0.356,0.12,0.116
2007-01-29,00:00:00,0.73,0.042,239.94,3.04,0.345,0.085,0.086
2007-01-29,01:00:00,0.759,0.091,240.94,3.15,0.3,0.087,0.095
2007-01-29,02:00:00,0.574,0.107,244.76,2.35,0.193,0.094,0.064
2007-01-29,03:00:00,0.589,0.073,239.29,2.46,0.264,0.068,0.076
2007-01-29,04:00:00,1.009,0.105,240.1,4.2,0.36,0.165,0.095
2007-01-29,05:00:00,0.604,0.051,240.83,2.51,0.263,0.077,0.064
2007-01-29,06:00:00,0.802,0.091,240.23,3.34,0.367,0.1,0.075
2007-01-29,07:00:00,1.121,0.135,238.48,4.7,0.464,0.213,0.141
2007-01-29,08:00:00,1.517,0.167,242.97,6.24,0.693,0.184,0.102
2007-01-29,09:00:00,1.788,0.18,239.08,7.48,0.871,0.333,0.135
2007-01-29,10:00:00,1.611,0.182,240.94,6.69,0.661,0.21,0.215
2007-01-29,11:00:00,1.089,0.115,239.57,4.55,0.36,0.217,0.132
2007-01-29,12:00:00,1.263,0.136,238.79,5.29,0.558,0.25,0.156
2007-01-29,13:00:00,1.134,0.133,242.1,4.68,0.433,0.207,0.068
2007-01-29,14:00:00,1.117,0.093,240.53,4.65,0.454,0.209,0.11
2007-01-29,15:00:00,1.144,0.114,235.63,4.85,0.486,0.209,0.122
2007-01-29,16:00:00,1.23,0.125,240.6,5.11,0.546,0.2,0.157
2007-01-29,17:00:00,1.601,0.136,238.75,6.71,0.685,0.29,0.148
2007-01-29,18:00:00,1.947,0.173,236.82,8.22,0.675,0.317,0.203
2007-01-29,19:00:00,2.167,0.204,241.91,8.96,0.974,0.399,0.16
2007-01-29,20:00:00,2.009,0.222,238.47,8.43,0.927,0.389,0.268
2007-01-29,21:00:00,1.779,0.174,240.52,7.4,0.547,0.312,0.252
2007-01-29,22:00:00,1.407,0.143,241.84,5.82,0.509,0.277,0.136
2007-01-29,23:00:00,1.059,0.112,239.52,4.42,0.525,0.153,0.099
2007-01-30,00:00:00,0.633,0.076,240.5,2.63,0.212,0.122,0.052
2007-01-30,01:00:00,0.985,0.109,238.64,4.13,0.332,0.121,0.076
2007-01-30,02:00:00,0.718,0.073,242.21,2.97,0.3,0.074,0.076
2007-01-30,03:00:00,0.508,0.048,239.64,2.12,0.187,0.057,0.034
2007-01-30,04:00:00,0.665,0.088,241.07,2.76,0.287,0.077,0.072
2007-01-30,05:00:00,0.755,0.066,243.01,3.11,0.266,0.138,0.08
2007-01-30,06:00:00,0.854,0.113,236.3,3.61,0.329,0.12,0.102
2007-01-30,07:00:00,1.071,0.096,238.63,4.49,0.535,0.132,0.078
2007-01-30,08:00:00,1.468,0.141,239.65,6.13,0.55,0.266,0.177
2007-01-30,09:00:00,1.389,0.153,240.26,5.78,0.441,0.167,0.072
2007-01-30,10:00:00,1.768,0.224,241.23,7.33,0.793,0.191,0.183
2007-01-30,11:00:00,1.303,0.092,242.44,5.37,0.544,0.191,0.175
2007-01-30,12:00:00,1.282,0.146,238.51,5.37,0.499,0.137,0.157
2007-01-30,13:00:00,1.104,0.12,239.6,4.61,0.532,0.141,0.149
2007-01-30,14:00:00,1.145,0.105,242.24,4.73,0.377,0.195,0.074
2007-01-30,15:00:00,1.188,0.126,240.68,4.94,0.473,0.163,0.145
2007-01-30,16:00:00,1.332,0.109,236.6,5.63,0.451,0.145,0.129
2007-01-30,17:00:00,1.492,0.133,236.43,6.31,0.473,0.209,0.123
2007-01-30,18:00:00,1.932,0.202,239.02,8.08,0.75,0.292,0.165
2007-01-30,19:00:00,2.022,0.182,241.1,8.39,0.99,0.253,0.122
2007-01-30,20:00:00,1.896,0.193,241.07,7.87,0.843,0.222,0.227
2007-01-30,21:00:00,1.802,0.167,238.21,7.56,0.625,0.317,0.204
2007-01-30,22:00:00,1.514,0.142,241.33,6.27,0.594,0.162,0.099
2007-01-30,23:00:00,0.959,0.117,240.5,3.99,0.441,0.188,0.1
2007-01-31,00:00:00,0.722,0.049,237.84,3.03,0.245,0.073,0.045
2007-01-31,01:00:00,0.739,0.073,238.8,3.1,0.252,0.122,0.06
2007-01-31,02:00:00,0.717,0.081,236.11,3.04,0.241,0.081,0.039
2007-01-31,03:00:00,0.628,0.068,237.62,2.64,0.265,0.097,0.07
2007-01-31,04:00:00,0.579,0.046,236.23,2.45,0.177,0.069,0.03
2007-01-31,05:00:00,0.767,0.084,236.91,3.24,0.32,0.079,0.058
2007-01-31,06:00:00,0.744,0.054,243.36,3.06,0.346,0.138,0.057
2007-01-31,07:00:00,1.112,0.101,239.2,4.65,0.508,0.158,0.139
2007-01-31,08:00:00,1.569,0.189,236.45,6.64,0.68,0.2,0.149
2007-01-31,09:00:00,1.31,0.144,240.84,5.44,0.451,0.255,0.141
2007-01-31,10:00:00,1.298,0.13,240.58,5.4,0.601,0.14,0.097
2007-01-31,11:00:00,1.279,0.137,240.39,5.32,0.629,0.172,0.134
2007-01-31,12:00:00,1.377,0.122,238.25,5.78,0.464,0.162,0.089
2007-01-31,13:00:00,1.188,0.124,241.25,4.92,0.573,0.237,0.177
2007-01-31,14:00:00,1.121,0.103,237.8,4.71,0.527,0.173,0.114
2007-01-31,15:00:00,1.255,0.114,241.59,5.2,0.622,0.228,0.173
2007-01-31,16:00:00,1.306,0.128,241.77,5.4,0.475,0.152,0.079
2007-01-31,17:00:00,1.585,0.146,239.87,6.61,0.772,0.207,0.173
2007-01-31,18:00:00,1.948,0.198,237.07,8.22,0.654,0.316,0.228
2007-01-31,19:00:00,2.147,0.223,241.6,8.89,0.719,0.253,0.277
2007-01-31,20:00:00,2.346,0.229,238.83,9.82,0.754,0.352,0.231
2007-01-31,21:00:00,1.731,0.116,240.55,7.19,0.667,0.334,0.093
2007-01-31,22:00:00,1.301,0.113,241.38,5.39,0.393,0.251,0.099
2007-01-31,23:00:00,0.921,0.071,238.38,3.87,0.347,0.125,0.072
2007-02-01,00:00:00,0.683,0.076,244.29,2.8,0.29,0.104,0.056
2007-02-01,01:00:00,0.674,0.053,239.91,2.81,0.213,0.081,0.04
2007-02-01,02:00:00,0.643,0.054,238.66,2.69,0.298,0.127,0.032
2007-02-01,03:00:00,0.496,0.066,242.0,2.05,0.178,0.075,0.051
2007-02-01,04:00:00,0.57,0.041,243.1,2.34,0.176,0.069,0.07
2007-02-01,05:00:00,0.598,0.064,235.87,2.54,0.224,0.11,0.044
2007-02-01,06:00:00,0.804,0.068,237.24,3.39,0.263,0.114,0.096
2007-02-01,07:00:00,1.092,0.1,238.45,4.58,0.501,0.179,0.134
2007-02-01,08:00:00,1.585,0.135,244.23,6.49,0.582,0.292,0.144
2007-02-01,09:00:00,1.376,0.127,239.04,5.76,0.445,0.18,0.141
2007-02-01,10:00:00,1.222,0.132,243.04,5.03,0.478,0.193,0.1
2007-02-01,11:00:00,1.581,0.139,240.44,6.57,0.617,0.167,0.138
2007-02-01,12:00:00,1.221,0.108,237.1,5.15,0.434,0.151,0.133
2007-02-01,13:00:00,1.278,0.172,241.76,5.29,0.467,0.146,0.11
2007-02-01,14:00:00,1.115,0.117,240.63,4.63,0.506,0.183,0.112
2007-02-01,15:00:00,1.226,0.129,238.28,5.14,0.524,0.154,0.152
2007-02-01,16:00:00,1.372,0.125,238.68,5.75,0.471,0.242,0.201
2007-02-01,17:00:00,1.538,0.175,237.9,6.46,0.753,0.271,0.214
2007-02-01,18:00:00,1.785,0.203,238.75,7.47,0.644,0.318,0.252
2007-02-01,19:00:00,2.053,0.193,241.32,8.51,0.835,0.233,0.29
2007-02-01,20:00:00,2.058,0.227,238.19,8.64,0.852,0.314,0.153
2007-02-01,21:00:00,1.667,0.193,240.17,6.94,0.571,0.28,0.241
2007-02-01,22:00:00,1.406,0.099,240.63,5.84,0.504,0.186,0.102
2007-02-01,23:00:00,1.064,0.124,239.89,4.43,0.421,0.134,0.145
2007-02-02,00:00:00,0.845,0.069,236.77,3.57,0.297,0.145,0.091
2007-02-02,01:00:00,0.74,0.101,241.5,3.06,0.267,0.1,0.099
2007-02-02,02:00:00,0.68,0.052,237.67,2.86,0.287,0.085,0.101
2007-02-02,03:00:00,0.649,0.077,238.85,2.72,0.29,0.101,0.089
2007-02-02,04:00:00,0.565,0.021,239.08,2.37,0.26,0.092,0.074
2007-02-02,05:00:00,0.645,0.087,239.94,2.69,0.209,0.115,0.046
2007-02-02,06:00:00,0.724,0.074,240.19,3.01,0.324,0.075,0.098
2007-02-02,07:00:00,1.148,0.141,241.37,4.75,0.559,0.135,0.076
2007-02-02,08:00:00,1.548,0.14,239.38,6.47,0.644,0.275,0.157
2007-02-02,09:00:00,1.403,0.145,237.57,5.91,0.591,0.215,0.141
2007-02-02,10:00:00,1.288,0.159,242.17,5.32,0.632,0.233,0.131
2007-02-02,11:00:00,1.254,0.125,239.2,5.24,0.594,0.182,0.153
2007-02-02,12:00:00,1.192,0.128,239.63,4.98,0.491,0.174,0.107
2007-02-02,13:00:00,1.213,0.135,238.0,5.1,0.55,0.167,0.116
2007-02-02,14:00:00,1.162,0.085,238.27,4.88,0.391,0.196,0.135
2007-02-02,15:00:00,1.182,0.108,242.88,4.87,0.452,0.188,0.14
2007-02-02,16:00:00,1.209,0.144,237.25,5.1,0.536,0.168,0.113
2007-02-02,17:00:00,1.528,0.112,237.55,6.43,0.547,0.181,0.084
2007-02-02,18:00:00,1.874,0.21,239.08,7.84,0.732,0.188,0.142
2007-02-02,19:00:00,2.103,0.199,240.64,8.74,0.704,0.23,0.304
2007-02-02,20:00:00,2.034,0.244,238.07,8.54,0.975,0.225,0.29
2007-02-02,21:00:00,1.896,0.198,236.84,8.0,0.908,0.298,0.218
2007-02-02,22:00:00,1.459,0.13,237.56,6.14,0.577,0.257,0.1
2007-02-02,23:00:00,1.024,0.122,239.17,4.28,0.347,0.149,0.061
2007-02-03,00:00:00,0.838,0.112,238.0,3.52,0.365,0.119,0.121
2007-02-03,01:00:00,0.835,0.096,244.45,3.42,0.286,0.095,0.115
2007-02-03,02:00:00,0.794,0.071,243.96,3.26,0.275,0.151,0.071
2007-02-03,03:00:00,0.707,0.099,242.33,2.92,0.35,0.123,0.08
2007-02-03,04:00:00,0.792,0.061,240.75,3.29,0.253,0.112,0.112
2007-02-03,05:00:00,0.707,0.092,240.76,2.94,0.266,0.078,0.045
2007-02-03,06:00:00,0.904,0.042,242.64,3.73,0.372,0.167,0.103
2007-02-03,07:00:00,1.459,0.148,240.26,6.07,0.469,0.171,0.207
2007-02-03,08:00:00,1.747,0.163,238.35,7.33,0.538,0.292,0.233
2007-02-03,09:00:00,1.551,0.128,244.25,6.35,0.634,0.208,0.122
2007-02-03,10:00:00,1.821,0.208,241.15,7.55,0.588,0.339,0.264
2007-02-03,11:00:00,1.354,0.092,242.91,5.57,0.474,0.215,0.095
2007-02-03,12:00:00,1.516,0.179,243.62,6.22,0.606,0.186,0.107
2007-02-03,13:00:00,1.392,0.109,236.46,5.89,0.515,0.141,0.083
2007-02-03,14:00:00,1.268,0.148,238.27,5.32,0.56,0.154,0.078
2007-02-03,15:00:00,1.245,0.109,239.59,5.19,0.613,0.17,0.157
2007-02-03,16:00:00,1.447,0.106,241.0,6.0,0.652,0.247,0.112
2007-02-03,17:00:00,1.784,0.169,241.83,7.38,0.892,0.217,0.244
2007-02-03,18:00:00,2.136,0.225,239.87,8.9,0.807,0.269,0.29
2007-02-03,19:00:00,2.427,0.225,242.59,10.01,0.876,0.348,0.15
2007-02-03,20:00:00,2.276,0.233,241.22,9.43,0.779,0.237,0.235
2007-02-03,21:00:00,2.05,0.219,241.19,8.5,0.978,0.363,0.254
2007-02-03,22:00:00,1.478,0.178,239.45,6.17,0.559,0.159,0.175
2007-02-03,23:00:00,1.1,0.111,240.63,4.57,0.487,0.191,0.066
2007-02-04,00:00:00,0.884,0.112,240.62,3.68,0.385,0.112,0.073
2007-02-04,01:00:00,0.895,0.106,241.93,3.7,0.279,0.131,0.099
2007-02-04,02:00:00,0.719,0.07,237.37,3.03,0.342,0.101,0.078
2007-02-04,03:00:00,0.749,0.098,241.4,3.1,0.298,0.094,0.098
2007-02-04,04:00:00,0.78,0.096,236.71,3.29,0.269,0.098,0.043
2007-02-04,05:00:00,0.83,0.08,238.29,3.48,0.411,0.162,0.081
2007-02-04,06:00:00,0.963,0.111,241.22,3.99,0.434,0.126,0.13
2007-02-04,07:00:00,1.26,0.131,238.32,5.28,0.533,0.149,0.188
2007-02-04,08:00:00,1.807,0.192,240.05,7.53,0.899,0.226,0.114
2007-02-04,09:00:00,1.492,0.187,238.16,6.27,0.674,0.253,0.171
2007-02-04,10:00:00,1.351,0.119,241.2,5.6,0.438,0.177,0.068
2007-02-04,11:00:00,1.467,0.152,240.09,6.11,0.731,0.172,0.125
2007-02-04,12:00:00,1.45,0.146,239.95,6.04,0.608,0.205,0.137
2007-02-04,13:00:00,1.282,0.144,242.2,5.29,0.461,0.143,0.108
2007-02-04,14:00:00,1.198,0.111,240.83,4.98,0.555,0.168,0.135
2007-02-04,15:00:00,1.269,0.116,240.99,5.26,0.393,0.236,0.065
2007-02-04,16:00:00,1.625,0.161,242.22,6.71,0.7,0.223,0.229
2007-02-04,17:00:00,1.788,0.188,242.42,7.38,0.593,0.271,0.146
2007-02-04,18:00:00,2.124,0.203,238.1,8.92,0.675,0.38,0.138
2007-02-04,19:00:00,2.471,0.194,241.47,10.23,0.916,0.375,0.231
2007-02-04,20:00:00,2.316,0.213,240.87,9.62,0.86,0.243,0.235
2007-02-04,21:00:00,1.993,0.228,242.62,8.21,0.837,0.242,0.11
2007-02-04,22:00:00,1.642,0.195,237.43,6.91,0.678,0.311,0.213
2007-02-04,23:00:00,1.18,0.108,238.62,4.94,0.516,0.213,0.146
2007-02-05,00:00:00,0.834,0.119,239.61,3.48,0.279,0.147,0.084
2007-02-05,01:00:00,0.719,0.065,242.81,2.96,0.341,0.111,0.049
2007-02-05,02:00:00,0.644,0.034,239.43,2.69,0.304,0.087,0.092
2007-02-05,03:00:00,0.613,0.055,239.92,2.55,0.21,0.104,0.079
2007-02-05,04:00:00,0.68,0.083,238.63,2.85,0.268,0.113,0.05
2007-02-05,05:00:00,0.738,0.062,241.57,3.05,0.293,0.121,0.091
2007-02-05,06:00:00,0.893,0.101,241.35,3.7,0.432,0.134,0.054
2007-02-05,07:00:00,1.154,0.121,238.91,4.83,0.555,0.145,0.071
2007-02-05,08:00:00,1.635,0.158,237.91,6.87,0.512,0.235,0.154
2007-02-05,09:00:00,1.353,0.151,241.54,5.6,0.665,0.205,0.163
2007-02-05,10:00:00,1.732,0.198,241.02,7.19,0.543,0.211,0.245
2007-02-05,11:00:00,1.19,0.123,238.67,4.99,0.488,0.146,0.175
2007-02-05,12:00:00,1.293,0.141,241.39,5.36,0.469,0.232,0.154
2007-02-05,13:00:00,1.19,0.09,241.28,4.93,0.45,0.157,0.153
2007-02-05,14:00:00,1.161,0.144,242.46,4.79,0.494,0.229,0.117
2007-02-05,15:00:00,1.182,0.108,241.69,4.89,0.493,0.17,0.066
2007-02-05,16:00:00,1.313,0.114,239.32,5.49,0.438,0.211,0.082
2007-02-05,17:00:00,1.683,0.186,238.48,7.06,0.831,0.253,0.248
2007-02-05,18:00:00,1.857,0.178,244.03,7.61,0.568,0.277,0.166
2007-02-05,19:00:00,2.169,0.203,238.97,9.08,0.8,0.41,0.276
2007-02-05,20:00:00,2.119,0.206,236.33,8.97,0.975,0.232,0.153
2007-02-05,21:00:00,1.86,0.162,237.58,7.83,0.875,0.25,0.192
2007-02-05,22:00:00,1.437,0.13,235.95,6.09,0.66,0.185,0.094
2007-02-05,23:00:00,0.996,0.12,242.44,4.11,0.373,0.132,0.13
2007-02-06,00:00:00,0.717,0.095,243.64,2.94,0.312,0.137,0.048
2007-02-06,01:00:00,0.677,0.069,240.5,2.81,0.306,0.072,0.082
2007-02-06,02:00:00,0.64,0.05,236.79,2.7,0.266,0.082,0.042
2007-02-06,03:00:00,0.702,0.078,242.4,2.9,0.306,0.122,0.093
2007-02-06,04:00:00,0.601,0.022,240.93,2.49,0.247,0.074,0.06
2007-02-06,05:00:00,0.737,0.097,242.46,3.04,0.229,0.135,0.067
2007-02-06,06:00:00,0.878,0.086,241.18,3.64,0.312,0.117,0.073
2007-02-06,07:00:00,1.173,0.097,237.23,4.95,0.517,0.131,0.139
2007-02-06,08:00:00,1.554,0.185,241.32,6.44,0.541,0.236,0.091
2007-02-06,09:00:00,1.521,0.153,236.89,6.42,0.595,0.23,0.206
2007-02-06,10:00:00,1.349,0.126,238.46,5.66,0.549,0.14,0.17
2007-02-06,11:00:00,1.299,0.171,242.07,5.36,0.564,0.223,0.113
2007-02-06,12:00:00,1.298,0.119,241.97,5.36,0.457,0.148,0.192
2007-02-06,13:00:00,1.304,0.145,238.11,5.48,0.547,0.158,0.174
2007-02-06,14:00:00,1.213,0.135,237.72,5.1,0.509,0.19,0.094
2007-02-06,15:00:00,1.271,0.11,240.05,5.29,0.596,0.24,0.176
2007-02-06,16:00:00,1.761,0.173,244.01,7.22,0.723,0.18,0.106
2007-02-06,17:00:00,1.652,0.16,241.12,6.85,0.593,0.301,0.196
2007-02-06,18:00:00,2.079,0.173,244.71,8.5,0.841,0.365,0.131
2007-02-06,19:00:00,2.178,0.179,239.67,9.09,0.7,0.253,0.322
2007-02-06,20:00:00,2.182,0.175,241.77,9.03,0.92,0.3,0.12
2007-02-06,21:00:00,1.715,0.163,239.37,7.16,0.829,0.327,0.126
2007-02-06,22:00:00,1.855,0.166,238.4,7.78,0.753,0.213,0.191
2007-02-06,23:00:00,1.523,0.134,238.1,6.4,0.546,0.169,0.165
2007-02-07,00:00:00,0.845,0.076,240.71,3.51,0.322,0.147,0.086
2007-02-07,01:00:00,0.79,0.079,242.59,3.26,0.38,0.116,0.098
2007-02-07,02:00:00,0.699,0.064,239.35,2.92,0.323,0.09,0.035
2007-02-07,03:00:00,0.77,0.063,242.84,3.17,0.355,0.09,0.082
2007-02-07,04:00:00,0.602,0.099,243.66,2.47,0.248,0.104,0.067
2007-02-07,05:00:00,0.752,0.071,241.74,3.11,0.285,0.108,0.053
2007-02-07,06:00:00,0.895,0.11,240.65,3.72,0.292,0.111,0.104
2007-02-07,07:00:00,1.169,0.092,238.66,4.9,0.579,0.227,0.135
2007-02-07,08:00:00,1.584,0.185,242.61,6.53,0.532,0.247,0.163
2007-02-07,09:00:00,1.338,0.123,237.72,5.63,0.469,0.181,0.102
2007-02-07,10:00:00,1.253,0.181,241.21,5.19,0.567,0.215,0.115
2007-02-07,11:00:00,1.345,0.108,237.42,5.66,0.498,0.201,0.104
2007-02-07,12:00:00,1.346,0.113,237.89,5.66,0.561,0.136,0.171
2007-02-07,13:00:00,1.247,0.121,239.88,5.2,0.564,0.229,0.139
2007-02-07,14:00:00,1.266,0.119,241.41,5.24,0.52,0.135,0.082
2007-02-07,15:00:00,1.354,0.112,242.01,5.59,0.539,0.269,0.145
2007-02-07,16:00:00,1.905,0.22,240.01,7.94,0.591,0.257,0.267
2007-02-07,17:00:00,1.536,0.181,239.16,6.42,0.611,0.234,0.205
2007-02-07,18:00:00,2.048,0.198,238.42,8.59,0.801,0.409,0.285
2007-02-07,19:00:00,2.085,0.229,241.4,8.64,0.992,0.265,0.295
2007-02-07,20:00:00,2.11,0.239,241.32,8.74,0.822,0.309,0.145
2007-02-07,21:00:00,1.877,0.188,240.36,7.81,0.8,0.329,0.229
2007-02-07,22:00:00,1.559,0.143,240.6,6.48,0.709,0.229,0.178
2007-02-07,23:00:00,1.114,0.137,243.2,4.58,0.438,0.149,0.059
2007-02-08,00:00:00,0.851,0.108,242.03,3.51,0.3,0.095,0.109
2007-02-08,01:00:00,0.721,0.047,237.17,3.04,0.345,0.109,0.051
2007-02-08,02:00:00,0.633,0.092,241.78,2.62,0.303,0.098,0.09
2007-02-08,03:00:00,0.658,0.045,242.76,2.71,0.316,0.081,0.088
2007-02-08,04:00:00,0.794,0.087,238.36,3.33,0.282,0.106,0.101
2007-02-08,05:00:00,0.775,0.061,241.9,3.21,0.282,0.101,0.093
2007-02-08,06:00:00,1.0,0.103,246.01,4.06,0.484,0.143,0.097
2007-02-08,07:00:00,1.172,0.12,240.96,4.87,0.381,0.211,0.152
2007-02-08,08:00:00,1.641,0.209,239.53,6.85,0.708,0.219,0.216
2007-02-08,09:00:00,1.478,0.115,239.8,6.17,0.53,0.188,0.088
2007-02-08,10:00:00,1.421,0.127,240.26,5.91,0.631,0.261,0.118
2007-02-08,11:00:00,1.267,0.117,236.85,5.35,0.591,0.229,0.103
2007-02-08,12:00:00,1.336,0.14,236.75,5.64,0.51,0.24,0.083
2007-02-08,13:00:00,1.354,0.129,240.54,5.63,0.447,0.236,0.2
2007-02-08,14:00:00,1.094,0.065,239.9,4.56,0.488,0.207,0.118
2007-02-08,15:00:00,1.274,0.142,241.33,5.28,0.396,0.218,0.139
2007-02-08,16:00:00,1.309,0.158,239.44,5.47,0.397,0.153,0.116
2007-02-08,17:00:00,1.66,0.175,240.17,6.91,0.789,0.171,0.211
2007-02-08,18:00:00,1.952,0.186,241.9,8.07,0.904,0.231,0.19
2007-02-08,19:00:00,2.202,0.224,235.45,9.35,0.917,0.301,0.274
2007-02-08,20:00:00,2.132,0.189,238.17,8.95,0.923,0.224,0.294
2007-02-08,21:00:00,1.835,0.205,238.95,7.68,0.9,0.322,0.212
2007-02-08,22:00:00,1.417,0.152,239.68,5.91,0.443,0.233,0.159
2007-02-08,23:00:00,1.102,0.1,237.17,4.65,0.378,0.189,0.142
2007-02-09,00:00:00,0.924,0.094,238.18,3.88,0.412,0.101,0.093
2007-02-09,01:00:00,0.725,0.093,241.4,3.0,0.256,0.096,0.095
2007-02-09,02:00:00,0.656,0.089,240.93,2.72,0.224,0.096,0.039
2007-02-09,03:00:00,0.611,0.06,234.41,2.61,0.237,0.098,0.045
2007-02-09,04:00:00,0.63,0.106,239.55,2.63,0.28,0.114,0.09
2007-02-09,05:00:00,0.785,0.106,239.72,3.27,0.269,0.155,0.053
2007-02-09,06:00:00,0.828,0.093,238.17,3.47,0.319,0.09,0.079
2007-02-09,07:00:00,1.205,0.113,239.72,5.03,0.486,0.198,0.118
2007-02-09,08:00:00,1.634,0.156,240.79,6.78,0.546,0.185,0.15
2007-02-09,09:00:00,1.353,0.139,241.43,5.6,0.535,0.176,0.185
2007-02-09,10:00:00,1.414,0.139,240.2,5.89,0.669,0.251,0.177
2007-02-09,11:00:00,1.378,0.172,241.29,5.71,0.619,0.275,0.181
2007-02-09,12:00:00,1.468,0.128,240.02,6.12,0.588,0.224,0.219
2007-02-09,13:00:00,1.382,0.148,235.43,5.87,0.449,0.187,0.204
2007-02-09,14:00:00,1.776,0.138,239.73,7.41,0.541,0.216,0.247
2007-02-09,15:00:00,1.308,0.138,237.54,5.51,0.41,0.233,0.139
2007-02-09,16:00:00,1.469,0.164,240.23,6.12,0.661,0.28,0.118
2007-02-09,17:00:00,1.658,0.195,239.56,6.92,0.731,0.307,0.203
2007-02-09,18:00:00,2.029,0.191,239.54,8.47,0.911,0.306,0.294
2007-02-09,19:00:00,2.186,0.204,238.32,9.17,0.79,0.347,0.326
2007-02-09,20:00:00,2.016,0.222,239.2,8.43,0.641,0.37,0.224
2007-02-09,21:00:00,1.774,0.201,240.61,7.37,0.786,0.342,0.213
2007-02-09,22:00:00,1.595,0.155,238.17,6.7,0.773,0.309,0.124
2007-02-09,23:00:00,1.119,0.073,238.76,4.69,0.437,0.189,0.078
2007-02-10,00:00:00,1.0,0.079,236.49,4.23,0.453,0.119,0.114
2007-02-10,01:00:00,0.809,0.079,240.56,3.36,0.36,0.106,0.059
2007-02-10,02:00:00,0.746,0.046,237.45,3.14,0.351,0.094,0.067
2007-02-10,03:00:00,0.766,0.091,240.06,3.19,0.234,0.09,0.076
2007-02-10,04:00:00,0.819,0.066,241.41,3.39,0.402,0.102,0.117
2007-02-10,05:00:00,0.928,0.091,242.54,3.83,0.439,0.174,0.137
2007-02-10,06:00:00,1.001,0.122,239.36,4.18,0.476,0.177,0.075
2007-02-10,07:00:00,1.392,0.147,241.25,5.77,0.695,0.145,0.088
2007-02-10,08:00:00,1.779,0.217,239.99,7.41,0.761,0.204,0.129
2007-02-10,09:00:00,1.731,0.201,236.26,7.33,0.548,0.344,0.176
2007-02-10,10:00:00,1.587,0.138,237.03,6.7,0.737,0.195,0.204
2007-02-10,11:00:00,1.38,0.15,241.69,5.71,0.451,0.226,0.141
2007-02-10,12:00:00,1.523,0.155,242.32,6.29,0.682,0.184,0.218
2007-02-10,13:00:00,1.368,0.161,235.76,5.8,0.527,0.169,0.156
2007-02-10,14:00:00,1.405,0.151,240.67,5.84,0.423,0.211,0.138
2007-02-10,15:00:00,1.406,0.131,240.54,5.84,0.544,0.209,0.179
2007-02-10,16:00:00,1.527,0.162,238.39,6.4,0.701,0.251,0.222
2007-02-10,17:00:00,1.742,0.167,238.42,7.31,0.553,0.204,0.145
2007-02-10,18:00:00,2.293,0.216,237.89,9.64,0.689,0.289,0.178
2007-02-10,19:00:00,2.457,0.243,236.16,10.4,0.96,0.399,0.175
2007-02-10,20:00:00,2.388,0.244,237.89,10.04,0.717,0.262,0.247
2007-02-10,21:00:00,2.134,0.239,241.39,8.84,1.039,0.407,0.207
2007-02-10,22:00:00,1.604,0.15,239.3,6.7,0.746,0.189,0.12
2007-02-10,23:00:00,1.561,0.118,241.47,6.46,0.665,0.225,0.191
2007-02-11,00:00:00,0.96,0.092,236.0,4.07,0.291,0.106,0.077
2007-02-11,01:00:00,0.924,0.098,240.88,3.84,0.383,0.156,0.116
2007-02-11,02:00:00,0.844,0.088,241.56,3.49,0.366,0.112,0.113
2007-02-11,03:00:00,0.879,0.083,234.77,3.75,0.367,0.094,0.12
2007-02-11,04:00:00,0.818,0.101,238.95,3.42,0.4,0.13,0.053
2007-02-11,05:00:00,0.887,0.095,240.69,3.69,0.414,0.176,0.072
2007-02-11,06:00:00,1.051,0.117,242.61,4.33,0.392,0.197,0.108
2007-02-11,07:00:00,1.351,0.098,237.24,5.69,0.593,0.23,0.182
2007-02-11,08:00:00,1.725,0.169,242.77,7.11,0.677,0.175,0.155
2007-02-11,09:00:00,1.657,0.163,240.88,6.88,0.805,0.308,0.192
2007-02-11,10:00:00,1.554,0.189,237.99,6.53,0.658,0.295,0.148
2007-02-11,11:00:00,1.388,0.137,241.99,5.73,0.578,0.144,0.073
2007-02-11,12:00:00,1.428,0.13,244.61,5.84,0.571,0.16,0.117
2007-02-11,13:00:00,1.797,0.165,239.33,7.51,0.675,0.261,0.226
2007-02-11,14:00:00,1.448,0.164,239.16,6.06,0.477,0.203,0.178
2007-02-11,15:00:00,1.471,0.135,238.1,6.18,0.522,0.19,0.204
2007-02-11,16:00:00,1.579,0.141,243.68,6.48,0.579,0.189,0.173
2007-02-11,17:00:00,1.819,0.2,238.54,7.62,0.602,0.282,0.23
2007-02-11,18:00:00,2.256,0.233,238.06,9.48,1.044,0.4,0.206
2007-02-11,19:00:00,2.468,0.242,238.75,10.34,0.742,0.478,0.21
2007-02-11,20:00:00,2.413,0.215,238.78,10.1,1.166,0.314,0.203
2007-02-11,21:00:00,2.246,0.236,238.84,9.41,0.732,0.383,0.148
2007-02-11,22:00:00,1.692,0.186,238.42,7.1,0.525,0.303,0.159
2007-02-11,23:00:00,1.186,0.1,238.57,4.97,0.592,0.175,0.155
2007-02-12,00:00:00,0.799,0.087,240.29,3.32,0.399,0.153,0.041
2007-02-12,01:00:00,0.786,0.077,242.7,3.24,0.266,0.08,0.084
2007-02-12,02:00:00,1.155,0.098,238.02,4.85,0.377,0.219,0.078
2007-02-12,03:00:00,0.807,0.072,237.39,3.4,0.274,0.153,0.1
2007-02-12,04:00:00,0.721,0.071,240.65,3.0,0.29,0.082,0.046
2007-02-12,05:00:00,0.762,0.05,241.07,3.16,0.278,0.11,0.051
2007-02-12,06:00:00,0.98,0.109,243.08,4.03,0.36,0.149,0.053
2007-02-12,07:00:00,1.226,0.108,242.82,5.05,0.566,0.172,0.116
2007-02-12,08:00:00,1.676,0.154,236.83,7.08,0.801,0.318,0.192
2007-02-12,09:00:00,1.466,0.157,236.0,6.21,0.724,0.251,0.116
2007-02-12,10:00:00,1.363,0.127,241.13,5.65,0.549,0.153,0.074
2007-02-12,11:00:00,1.293,0.125,241.08,5.37,0.452,0.249,0.185
2007-02-12,12:00:00,1.417,0.14,242.96,5.83,0.582,0.148,0.193
2007-02-12,13:00:00,1.321,0.117,240.79,5.49,0.626,0.211,0.127
2007-02-12,14:00:00,1.194,0.109,238.87,5.0,0.365,0.182,0.158
2007-02-12,15:00:00,1.252,0.125,242.08,5.17,0.604,0.134,0.163
2007-02-12,16:00:00,1.438,0.143,237.91,6.04,0.497,0.244,0.153
2007-02-12,17:00:00,1.624,0.173,244.01,6.66,0.588,0.319,0.167
2007-02-12,18:00:00,2.0,0.211,240.54,8.31,0.746,0.292,0.23
2007-02-12,19:00:00,2.23,0.247,238.53,9.35,1.076,0.338,0.272
2007-02-12,20:00:00,2.081,0.178,238.23,8.73,0.697,0.288,0.275
2007-02-12,21:00:00,1.951,0.213,240.39,8.12,0.672,0.366,0.21
2007-02-12,22:00:00,1.606,0.154,239.84,6.7,0.717,0.31,0.2
2007-02-12,23:00:00,1.21,0.134,239.73,5.05,0.589,0.169,0.083
2007-02-13,00:00:00,0.934,0.1,237.38,3.93,0.3,0.177,0.116
2007-02-13,01:00:00,0.857,0.074,239.68,3.57,0.347,0.103,0.048
2007-02-13,02:00:00,0.809,0.111,241.65,3.35,0.39,0.118,0.094
2007-02-13,03:00:00,0.792,0.094,238.49,3.32,0.378,0.099,0.096
2007-02-13,04:00:00,0.734,0.082,240.51,3.05,0.359,0.09,0.108
2007-02-13,05:00:00,0.832,0.127,242.24,3.43,0.4,0.154,0.077
2007-02-13,06:00:00,0.969,0.077,241.26,4.02,0.352,0.166,0.059
2007-02-13,07:00:00,1.314,0.132,237.58,5.53,0.449,0.14,0.11
2007-02-13,08:00:00,1.558,0.167,240.64,6.48,0.749,0.274,0.143
2007-02-13,09:00:00,1.541,0.133,242.93,6.34,0.682,0.242,0.196
2007-02-13,10:00:00,1.467,0.133,240.99,6.09,0.551,0.262,0.101
2007-02-13,11:00:00,1.304,0.15,242.36,5.38,0.577,0.208,0.087
2007-02-13,12:00:00,1.397,0.13,241.96,5.77,0.505,0.192,0.101
2007-02-13,13:00:00,1.23,0.14,237.72,5.17,0.512,0.184,0.09
2007-02-13,14:00:00,1.283,0.116,243.56,5.27,0.445,0.146,0.183
2007-02-13,15:00:00,1.253,0.166,242.51,5.17,0.517,0.164,0.083
2007-02-13,16:00:00,1.836,0.137,239.43,7.67,0.89,0.188,0.168
2007-02-13,17:00:00,1.718,0.192,242.59,7.08,0.781,0.242,0.155
2007-02-13,18:00:00,2.0,0.205,239.74,8.34,0.863,0.218,0.126
2007-02-13,19:00:00,2.216,0.191,239.82,9.24,0.774,0.368,0.135
2007-02-13,20:00:00,2.186,0.214,238.21,9.18,0.684,0.418,0.308
2007-02-13,21:00:00,1.91,0.152,237.93,8.03,0.844,0.332,0.255
2007-02-13,22:00:00,1.543,0.161,240.3,6.42,0.641,0.186,0.221
2007-02-13,23:00:00,1.045,0.093,239.49,4.36,0.358,0.158,0.085
2007-02-14,00:00:00,0.896,0.051,237.03,3.78,0.437,0.153,0.092
2007-02-14,01:00:00,0.71,0.074,240.7,2.95,0.291,0.128,0.054
2007-02-14,02:00:00,0.782,0.081,241.02,3.25,0.324,0.1,0.07
2007-02-14,03:00:00,0.892,0.131,240.6,3.71,0.321,0.132,0.115
2007-02-14,04:00:00,0.838,0.1,240.58,3.48,0.399,0.093,0.082
2007-02-14,05:00:00,1.16,0.068,240.82,4.82,0.555,0.2,0.071
2007-02-14,06:00:00,0.939,0.083,240.33,3.91,0.416,0.135,0.047
2007-02-14,07:00:00,1.277,0.15,240.7,5.3,0.408,0.133,0.094
2007-02-14,08:00:00,1.696,0.137,241.01,7.04,0.537,0.259,0.116
2007-02-14,09:00:00,1.591,0.144,238.83,6.66,0.627,0.285,0.206
2007-02-14,10:00:00,1.513,0.151,237.47,6.37,0.497,0.158,0.176
2007-02-14,11:00:00,1.295,0.119,240.64,5.38,0.475,0.182,0.173
2007-02-14,12:00:00,1.429,0.175,240.3,5.95,0.478,0.212,0.131
2007-02-14,13:00:00,1.248,0.128,240.91,5.18,0.452,0.249,0.135
2007-02-14,14:00:00,1.315,0.132,242.28,5.43,0.643,0.16,0.121
2007-02-14,15:00:00,1.384,0.12,239.93,5.77,0.624,0.252,0.1
2007-02-14,16:00:00,1.482,0.126,239.73,6.18,0.486,0.17,0.168
2007-02-14,17:00:00,1.773,0.179,240.94,7.36,0.769,0.348,0.158
2007-02-14,18:00:00,1.997,0.198,237.96,8.39,0.611,0.261,0.15
2007-02-14,19:00:00,2.159,0.192,240.08,8.99,1.072,0.247,0.311
2007-02-14,20:00:00,2.119,0.217,239.8,8.84,0.861,0.293,0.129
2007-02-14,21:00:00,1.946,0.196,241.75,8.05,0.781,0.198,0.249
2007-02-14,22:00:00,1.625,0.156,239.08,6.8,0.566,0.18,0.171
2007-02-14,23:00:00,1.118,0.136,240.18,4.65,0.438,0.167,0.141
2007-02-15,00:00:00,0.877,0.087,239.69,3.66,0.355,0.17,0.052
2007-02-15,01:00:00,0.862,0.081,235.03,3.67,0.372,0.125,0.077
2007-02-15,02:00:00,1.025,0.125,238.94,4.29,0.317,0.17,0.133
2007-02-15,03:00:00,0.767,0.074,239.98,3.19,0.282,0.131,0.101
2007-02-15,04:00:00,0.852,0.077,238.22,3.58,0.321,0.088,0.11
2007-02-15,05:00:00,0.847,0.061,239.76,3.53,0.279,0.112,0.105
2007-02-15,06:00:00,0.952,0.096,242.68,3.92,0.331,0.19,0.083
2007-02-15,07:00:00,1.22,0.141,241.93,5.04,0.424,0.123,0.148
2007-02-15,08:00:00,1.66,0.158,236.27,7.02,0.767,0.244,0.101
2007-02-15,09:00:00,1.603,0.134,241.52,6.64,0.701,0.295,0.106
2007-02-15,10:00:00,1.375,0.158,241.12,5.7,0.666,0.177,0.143
2007-02-15,11:00:00,1.37,0.158,239.81,5.71,0.496,0.274,0.144
2007-02-15,12:00:00,1.377,0.149,235.31,5.85,0.656,0.205,0.134
2007-02-15,13:00:00,1.34,0.136,241.57,5.55,0.634,0.257,0.166
2007-02-15,14:00:00,1.212,0.13,239.14,5.07,0.472,0.185,0.129
2007-02-15,15:00:00,1.505,0.12,240.42,6.26,0.641,0.21,0.085
2007-02-15,16:00:00,1.511,0.139,238.06,6.35,0.634,0.258,0.21
2007-02-15,17:00:00,1.726,0.186,238.52,7.24,0.624,0.338,0.195
2007-02-15,18:00:00,2.138,0.221,241.87,8.84,0.754,0.294,0.298
2007-02-15,19:00:00,2.245,0.243,243.25,9.23,0.749,0.419,0.209
2007-02-15,20:00:00,2.215,0.252,239.15,9.26,1.036,0.368,0.111
2007-02-15,21:00:00,2.03,0.178,243.03,8.35,0.826,0.28,0.256
2007-02-15,22:00:00,1.647,0.174,239.14,6.89,0.606,0.174,0.176
2007-02-15,23:00:00,1.113,0.106,239.12,4.65,0.447,0.146,0.058
2007-02-16,00:00:00,0.931,0.084,237.16,3.92,0.294,0.17,0.1
2007-02-16,01:00:00,0.944,0.144,240.99,3.92,0.303,0.103,0.135
2007-02-16,02:00:00,0.765,0.045,239.61,3.19,0.346,0.12,0.054
2007-02-16,03:00:00,0.79,0.075,239.72,3.3,0.379,0.119,0.062
2007-02-16,04:00:00,0.788,0.074,239.24,3.3,0.287,0.131,0.091
2007-02-16,05:00:00,0.9,0.091,238.02,3.78,0.343,0.174,0.119
2007-02-16,06:00:00,1.044,0.065,241.25,4.33,0.391,0.183,0.119
2007-02-16,07:00:00,1.38,0.118,239.88,5.75,0.546,0.209,0.162
2007-02-16,08:00:00,1.695,0.17,241.62,7.01,0.649,0.31,0.14
2007-02-16,09:00:00,1.502,0.122,238.11,6.31,0.567,0.256,0.077
2007-02-16,10:00:00,1.818,0.201,240.48,7.56,0.785,0.345,0.244
2007-02-16,11:00:00,1.313,0.143,244.27,5.37,0.465,0.226,0.196
2007-02-16,12:00:00,1.399,0.108,238.58,5.86,0.683,0.245,0.191
2007-02-16,13:00:00,1.42,0.137,239.03,5.94,0.514,0.154,0.127
2007-02-16,14:00:00,1.229,0.13,239.01,5.14,0.421,0.123,0.105
2007-02-16,15:00:00,1.345,0.107,237.91,5.65,0.665,0.263,0.196
2007-02-16,16:00:00,1.558,0.124,243.32,6.4,0.539,0.195,0.232
2007-02-16,17:00:00,1.798,0.161,235.39,7.64,0.733,0.21,0.2
2007-02-16,18:00:00,2.025,0.256,237.55,8.52,0.741,0.235,0.205
2007-02-16,19:00:00,2.208,0.243,240.94,9.17,0.697,0.384,0.224
2007-02-16,20:00:00,2.294,0.217,238.54,9.62,1.126,0.24,0.161
2007-02-16,21:00:00,1.971,0.17,239.94,8.21,0.739,0.327,0.242
2007-02-16,22:00:00,1.522,0.136,239.94,6.34,0.653,0.239,0.102
2007-02-16,23:00:00,1.191,0.15,240.99,4.94,0.563,0.137,0.085
2007-02-17,00:00:00,1.064,0.147,240.16,4.43,0.437,0.121,0.125
2007-02-17,01:00:00,0.873,0.071,239.22,3.65,0.386,0.099,0.12
2007-02-17,02:00:00,0.829,0.089,240.26,3.45,0.379,0.104,0.097
2007-02-17,03:00:00,0.868,0.082,239.64,3.62,0.327,0.143,0.085
2007-02-17,04:00:00,0.775,0.103,243.39,3.18,0.33,0.093,0.093
2007-02-17,05:00:00,0.888,0.067,238.85,3.72,0.303,0.147,0.085
2007-02-17,06:00:00,1.048,0.124,241.11,4.35,0.326,0.207,0.121
2007-02-17,07:00:00,1.277,0.101,241.83,5.28,0.635,0.238,0.164
2007-02-17,08:00:00,1.877,0.207,237.36,7.91,0.598,0.337,0.097
2007-02-17,09:00:00,1.764,0.159,237.77,7.42,0.681,0.344,0.127
2007-02-17,10:00:00,2.1,0.204,243.86,8.61,0.658,0.339,0.253
2007-02-17,11:00:00,1.547,0.142,238.65,6.48,0.75,0.274,0.139
2007-02-17,12:00:00,1.523,0.191,240.02,6.34,0.49,0.27,0.156
2007-02-17,13:00:00,1.485,0.168,239.65,6.2,0.679,0.293,0.176
2007-02-17,14:00:00,1.552,0.147,239.92,6.47,0.688,0.256,0.159
2007-02-17,15:00:00,1.54,0.138,239.26,6.44,0.476,0.196,0.206
2007-02-17,16:00:00,1.721,0.198,240.24,7.17,0.765,0.206,0.151
2007-02-17,17:00:00,1.914,0.123,238.37,8.03,0.945,0.25,0.228
2007-02-17,18:00:00,2.299,0.239,239.55,9.6,0.929,0.405,0.213
2007-02-17,19:00:00,2.525,0.233,236.06,10.7,0.904,0.418,0.26
2007-02-17,20:00:00,2.513,0.296,239.77,10.48,1.028,0.306,0.154
2007-02-17,21:00:00,2.142,0.269,240.67,8.9,0.695,0.398,0.285
2007-02-17,22:00:00,1.77,0.178,241.92,7.32,0.87,0.351,0.145
2007-02-17,23:00:00,1.3,0.123,242.3,5.36,0.485,0.228,0.104
2007-02-18,00:00:00,0.938,0.095,239.25,3.92,0.367,0.1,0.055
2007-02-18,01:00:00,0.939,0.081,241.68,3.88,0.357,0.153,0.094
2007-02-18,02:00:00,0.962,0.08,237.7,4.05,0.294,0.186,0.088
2007-02-18,03:00:00,0.868,0.091,238.97,3.63,0.266,0.114,0.052
2007-02-18,04:00:00,0.848,0.097,243.24,3.49,0.35,0.134,0.106
2007-02-18,05:00:00,1.026,0.105,240.36,4.27,0.411,0.126,0.058
2007-02-18,06:00:00,1.109,0.117,240.47,4.61,0.552,0.209,0.072
2007-02-18,07:00:00,1.366,0.124,239.64,5.7,0.482,0.255,0.131
2007-02-18,08:00:00,1.867,0.168,243.74,7.66,0.698,0.255,0.16
2007-02-18,09:00:00,1.756,0.157,241.06,7.28,0.874,0.237,0.136
2007-02-18,10:00:00,1.609,0.176,242.97,6.62,0.498,0.161,0.171
2007-02-18,11:00:00,1.554,0.157,238.82,6.51,0.666,0.205,0.159
2007-02-18,12:00:00,1.586,0.163,238.06,6.66,0.508,0.283,0.148
2007-02-18,13:00:00,1.511,0.158,238.47,6.34,0.74,0.155,0.193
2007-02-18,14:00:00,1.453,0.144,241.26,6.02,0.52,0.175,0.145
2007-02-18,15:00:00,1.573,0.159,243.29,6.46,0.728,0.272,0.233
2007-02-18,16:00:00,1.63,0.189,241.5,6.75,0.786,0.269,0.212
2007-02-18,17:00:00,1.957,0.211,241.75,8.09,0.918,0.389,0.119
2007-02-18,18:00:00,2.338,0.23,240.35,9.73,0.962,0.325,0.181
2007-02-18,19:00:00,2.509,0.241,237.45,10.57,1.241,0.284,0.26
2007-02-18,20:00:00,2.497,0.27,244.05,10.23,1.087,0.416,0.242
2007-02-18,21:00:00,2.201,0.227,241.33,9.12,1.006,0.238,0.12
2007-02-18,22:00:00,1.622,0.156,241.05,6.73,0.566,0.181,0.167
2007-02-18,23:00:00,1.314,0.106,241.75,5.44,0.504,0.206,0.145
2007-02-19,00:00:00,1.051,0.139,236.57,4.44,0.441,0.155,0.101
2007-02-19,01:00:00,0.993,0.077,239.0,4.16,0.327,0.126,0.136
2007-02-19,02:00:00,0.907,0.096,241.24,3.76,0.447,0.134,0.096
2007-02-19,03:00:00,0.918,0.128,239.71,3.83,0.295,0.171,0.118
2007-02-19,04:00:00,0.833,0.076,239.85,3.47,0.372,0.144,0.091
2007-02-19,05:00:00,0.94,0.093,242.56,3.87,0.293,0.137,0.132
2007-02-19,06:00:00,1.042,0.121,240.23,4.34,0.334,0.137,0.074
2007-02-19,07:00:00,1.388,0.115,244.76,5.67,0.589,0.22,0.185
2007-02-19,08:00:00,1.837,0.15,239.92,7.65,0.717,0.184,0.174
2007-02-19,09:00:00,1.66,0.159,241.61,6.87,0.499,0.288,0.199
2007-02-19,10:00:00,1.454,0.147,240.97,6.04,0.551,0.262,0.155
2007-02-19,11:00:00,1.507,0.152,238.85,6.31,0.528,0.169,0.092
2007-02-19,12:00:00,1.491,0.177,237.94,6.27,0.707,0.209,0.14
2007-02-19,13:00:00,1.452,0.126,240.07,6.05,0.641,0.166,0.171
2007-02-19,14:00:00,1.337,0.131,243.84,5.48,0.598,0.261,0.187
2007-02-19,15:00:00,1.459,0.176,239.21,6.1,0.715,0.266,0.105
2007-02-19,16:00:00,1.565,0.151,241.04,6.49,0.692,0.16,0.134
2007-02-19,17:00:00,1.861,0.226,239.49,7.77,0.618,0.367,0.16
2007-02-19,18:00:00,2.079,0.203,240.44,8.64,1.013,0.237,0.213
2007-02-19,19:00:00,2.355,0.222,242.28,9.72,0.76,0.255,0.321
2007-02-19,20:00:00,2.089,0.208,240.23,8.7,0.707,0.216,0.187
2007-02-19,21:00:00,1.947,0.2,238.77,8.16,0.695,0.349,0.126
2007-02-19,22:00:00,1.526,0.144,243.21,6.27,0.511,0.294,0.154
2007-02-19,23:00:00,1.25,0.133,238.79,5.23,0.379,0.137,0.067
2007-02-20,00:00:00,1.036,0.101,241.35,4.29,0.406,0.205,0.087
2007-02-20,01:00:00,0.915,0.117,237.02,3.86,0.4,0.12,0.093
2007-02-20,02:00:00,0.96,0.106,242.57,3.96,0.369,0.161,0.098
2007-02-20,03:00:00,0.807,0.081,245.21,3.29,0.28,0.16,0.106
2007-02-20,04:00:00,0.77,0.071,239.95,3.21,0.367,0.078,0.1
2007-02-20,05:00:00,0.961,0.112,237.95,4.04,0.363,0.149,0.075
2007-02-20,06:00:00,1.114,0.112,241.54,4.61,0.521,0.185,0.089
2007-02-20,07:00:00,1.366,0.128,240.18,5.69,0.458,0.187,0.202
2007-02-20,08:00:00,1.847,0.17,244.28,7.56,0.677,0.205,0.165
2007-02-20,09:00:00,1.643,0.178,238.8,6.88,0.757,0.266,0.106
2007-02-20,10:00:00,1.511,0.142,237.33,6.37,0.462,0.158,0.175
2007-02-20,11:00:00,1.399,0.134,240.61,5.81,0.677,0.269,0.104
2007-02-20,12:00:00,1.41,0.152,241.17,5.85,0.535,0.206,0.156
2007-02-20,13:00:00,1.409,0.162,238.46,5.91,0.698,0.269,0.186
2007-02-20,14:00:00,1.458,0.158,241.92,6.03,0.642,0.268,0.098
2007-02-20,15:00:00,1.438,0.161,240.11,5.99,0.704,0.144,0.137
2007-02-20,16:00:00,1.529,0.167,239.46,6.39,0.479,0.223,0.135
2007-02-20,17:00:00,1.751,0.175,241.09,7.26,0.778,0.331,0.263
2007-02-20,18:00:00,2.153,0.223,239.42,8.99,1.023,0.295,0.261
2007-02-20,19:00:00,2.243,0.261,238.53,9.4,1.116,0.297,0.131
2007-02-20,20:00:00,2.269,0.223,236.77,9.58,0.696,0.382,0.165
2007-02-20,21:00:00,1.969,0.175,238.77,8.24,0.623,0.336,0.129
2007-02-20,22:00:00,1.603,0.11,244.99,6.54,0.716,0.263,0.083
2007-02-20,23:00:00,1.28,0.167,240.07,5.33,0.394,0.175,0.104
2007-02-21,00:00:00,0.933,0.133,237.97,3.92,0.282,0.099,0.077
2007-02-21,01:00:00,0.928,0.073,242.53,3.83,0.38,0.178,0.068
2007-02-21,02:00:00,0.799,0.106,239.91,3.33,0.324,0.105,0.084
2007-02-21,03:00:00,0.859,0.107,240.58,3.57,0.363,0.154,0.062
2007-02-21,04:00:00,0.896,0.102,240.55,3.72,0.271,0.121,0.129
2007-02-21,05:00:00,0.977,0.108,242.97,4.02,0.391,0.146,0.12
2007-02-21,06:00:00,1.124,0.098,237.34,4.74,0.402,0.154,0.07
2007-02-21,07:00:00,1.411,0.144,242.92,5.81,0.637,0.153,0.108
2007-02-21,08:00:00,1.725,0.18,241.49,7.14,0.638,0.229,0.256
2007-02-21,09:00:00,1.516,0.153,240.15,6.31,0.563,0.296,0.106
2007-02-21,10:00:00,1.558,0.155,238.29,6.54,0.671,0.173,0.096
2007-02-21,11:00:00,1.805,0.206,239.51,7.54,0.78,0.281,0.132
2007-02-21,12:00:00,1.413,0.162,240.08,5.89,0.44,0.278,0.172
2007-02-21,13:00:00,1.55,0.172,243.62,6.36,0.659,0.158,0.158
2007-02-21,14:00:00,1.371,0.156,242.87,5.65,0.592,0.147,0.078
2007-02-21,15:00:00,1.468,0.151,239.22,6.14,0.575,0.28,0.126
2007-02-21,16:00:00,1.579,0.181,244.02,6.47,0.735,0.274,0.093
2007-02-21,17:00:00,1.816,0.158,241.9,7.51,0.548,0.281,0.144
2007-02-21,18:00:00,2.11,0.212,240.94,8.76,1.041,0.324,0.142
2007-02-21,19:00:00,2.287,0.243,239.44,9.55,0.858,0.452,0.165
2007-02-21,20:00:00,2.393,0.25,238.85,10.02,1.003,0.244,0.306
2007-02-21,21:00:00,1.921,0.2,241.09,7.97,0.589,0.244,0.247
2007-02-21,22:00:00,1.605,0.179,240.77,6.67,0.709,0.211,0.198
2007-02-21,23:00:00,1.2,0.149,239.22,5.02,0.49,0.134,0.143
2007-02-22,00:00:00,1.033,0.082,242.23,4.26,0.508,0.14,0.077
2007-02-22,01:00:00,0.915,0.097,240.33,3.81,0.352,0.125,0.086
2007-02-22,02:00:00,0.872,0.073,240.84,3.62,0.388,0.171,0.084
2007-02-22,03:00:00,0.916,0.113,242.15,3.78,0.288,0.132,0.095
2007-02-22,04:00:00,0.994,0.114,241.65,4.11,0.311,0.192,0.135
2007-02-22,05:00:00,0.892,0.07,236.76,3.77,0.437,0.161,0.124
2007-02-22,06:00:00,0.975,0.097,241.52,4.04,0.342,0.169,0.07
2007-02-22,07:00:00,1.387,0.109,240.06,5.78,0.669,0.185,0.129
2007-02-22,08:00:00,1.812,0.2,239.11,7.58,0.575,0.259,0.117
2007-02-22,09:00:00,1.623,0.152,240.1,6.76,0.694,0.17,0.186
2007-02-22,10:00:00,1.549,0.132,239.39,6.47,0.636,0.213,0.166
2007-02-22,11:00:00,1.415,0.135,240.25,5.89,0.698,0.265,0.191
2007-02-22,12:00:00,2.055,0.217,239.96,8.57,0.783,0.366,0.209
2007-02-22,13:00:00,1.486,0.154,241.38,6.16,0.46,0.269,0.19
2007-02-22,14:00:00,1.358,0.126,236.94,5.73,0.536,0.166,0.111
2007-02-22,15:00:00,1.405,0.138,240.37,5.85,0.653,0.17,0.168
2007-02-22,16:00:00,1.593,0.153,239.94,6.64,0.495,0.265,0.086
2007-02-22,17:00:00,1.87,0.168,244.5,7.65,0.574,0.309,0.122
2007-02-22,18:00:00,2.066,0.169,236.09,8.75,0.959,0.247,0.196
2007-02-22,19:00:00,2.335,0.233,241.84,9.65,1.085,0.402,0.324
2007-02-22,20:00:00,2.316,0.243,240.87,9.62,0.788,0.319,0.321
2007-02-22,21:00:00,2.04,0.204,241.53,8.45,0.88,0.385,0.224
2007-02-22,22:00:00,1.68,0.209,239.11,7.03,0.526,0.229,0.106
2007-02-22,23:00:00,1.355,0.124,240.64,5.63,0.614,0.167,0.16
2007-02-23,00:00:00,0.827,0.082,240.29,3.44,0.299,0.099,0.056
2007-02-23,01:00:00,0.965,0.106,247.07,3.9,0.334,0.183,0.082
2007-02-23,02:00:00,0.773,0.086,239.38,3.23,0.337,0.144,0.063
2007-02-23,03:00:00,0.887,0.084,238.43,3.72,0.428,0.126,0.123
2007-02-23,04:00:00,0.968,0.096,244.0,3.97,0.298,0.12,0.116
2007-02-23,05:00:00,0.946,0.093,240.69,3.93,0.311,0.121,0.054
2007-02-23,06:00:00,1.024,0.116,241.03,4.25,0.36,0.142,0.138
2007-02-23,07:00:00,1.445,0.131,242.25,5.96,0.702,0.151,0.134
2007-02-23,08:00:00,1.782,0.13,240.15,7.42,0.847,0.19,0.224
2007-02-23,09:00:00,1.66,0.159,239.16,6.94,0.799,0.32,0.212
2007-02-23,10:00:00,1.652,0.199,240.26,6.88,0.621,0.292,0.248
2007-02-23,11:00:00,1.37,0.153,238.32,5.75,0.474,0.249,0.116
2007-02-23,12:00:00,1.886,0.157,237.1,7.95,0.638,0.279,0.257
2007-02-23,13:00:00,1.484,0.162,238.31,6.23,0.707,0.203,0.117
2007-02-23,14:00:00,1.472,0.151,235.28,6.26,0.51,0.161,0.22
2007-02-23,15:00:00,1.405,0.133,239.27,5.87,0.571,0.219,0.128
2007-02-23,16:00:00,1.564,0.135,239.0,6.54,0.573,0.273,0.181
2007-02-23,17:00:00,1.837,0.167,241.21,7.62,0.734,0.22,0.275
2007-02-23,18:00:00,2.148,0.204,240.26,8.94,0.793,0.298,0.15
2007-02-23,19:00:00,2.388,0.276,239.72,9.96,0.856,0.46,0.268
2007-02-23,20:00:00,2.281,0.241,242.36,9.41,0.879,0.421,0.342
2007-02-23,21:00:00,2.071,0.193,239.17,8.66,0.759,0.372,0.299
2007-02-23,22:00:00,1.583,0.147,237.78,6.66,0.741,0.165,0.114
2007-02-23,23:00:00,1.286,0.128,234.94,5.47,0.535,0.15,0.077
2007-02-24,00:00:00,1.085,0.1,240.05,4.52,0.364,0.142,0.1
2007-02-24,01:00:00,1.461,0.146,239.89,6.09,0.507,0.191,0.185
2007-02-24,02:00:00,1.119,0.109,242.54,4.61,0.348,0.126,0.144
2007-02-24,03:00:00,0.997,0.102,238.26,4.18,0.359,0.129,0.11
2007-02-24,04:00:00,0.898,0.05,241.5,3.72,0.389,0.128,0.1
2007-02-24,05:00:00,1.051,0.121,235.03,4.47,0.354,0.11,0.065
2007-02-24,06:00:00,1.155,0.104,237.4,4.87,0.369,0.162,0.109
2007-02-24,07:00:00,1.5,0.168,240.77,6.23,0.546,0.225,0.161
2007-02-24,08:00:00,1.924,0.236,241.38,7.97,0.813,0.2,0.228
2007-02-24,09:00:00,2.177,0.189,236.68,9.2,0.859,0.364,0.129
2007-02-24,10:00:00,1.598,0.162,238.41,6.7,0.586,0.173,0.19
2007-02-24,11:00:00,1.517,0.143,240.09,6.32,0.723,0.25,0.219
2007-02-24,12:00:00,1.707,0.179,239.81,7.12,0.672,0.34,0.22
2007-02-24,13:00:00,1.575,0.115,241.1,6.53,0.616,0.167,0.177
2007-02-24,14:00:00,1.535,0.146,241.83,6.35,0.47,0.195,0.092
2007-02-24,15:00:00,1.545,0.138,237.44,6.51,0.661,0.174,0.2
2007-02-24,16:00:00,1.777,0.21,240.89,7.38,0.696,0.243,0.207
2007-02-24,17:00:00,1.991,0.236,238.56,8.34,0.655,0.365,0.209
2007-02-24,18:00:00,2.315,0.226,240.67,9.62,0.807,0.447,0.301
2007-02-24,19:00:00,2.707,0.248,239.07,11.33,0.922,0.498,0.318
2007-02-24,20:00:00,2.554,0.239,242.15,10.55,0.829,0.432,0.248
2007-02-24,21:00:00,2.233,0.224,241.17,9.26,0.865,0.384,0.164
2007-02-24,22:00:00,1.806,0.153,238.02,7.59,0.673,0.202,0.181
2007-02-24,23:00:00,1.362,0.147,236.64,5.76,0.507,0.17,0.089
2007-02-25,00:00:00,1.124,0.108,242.38,4.64,0.394,0.153,0.063
2007-02-25,01:00:00,0.93,0.1,238.59,3.9,0.36,0.098,0.068
2007-02-25,02:00:00,0.871,0.095,238.8,3.65,0.357,0.159,0.076
2007-02-25,03:00:00,0.958,0.123,241.48,3.97,0.405,0.12,0.11
2007-02-25,04:00:00,0.847,0.097,237.95,3.56,0.291,0.089,0.085
2007-02-25,05:00:00,0.91,0.097,240.4,3.79,0.406,0.098,0.112
2007-02-25,06:00:00,1.224,0.127,240.04,5.1,0.374,0.241,0.151
2007-02-25,07:00:00,1.543,0.115,239.84,6.43,0.694,0.295,0.186
2007-02-25,08:00:00,1.979,0.201,242.39,8.16,0.706,0.388,0.207
2007-02-25,09:00:00,1.756,0.188,240.93,7.29,0.657,0.344,0.204
2007-02-25,10:00:00,1.763,0.174,241.96,7.28,0.733,0.317,0.26
2007-02-25,11:00:00,1.668,0.2,239.5,6.96,0.704,0.213,0.201
2007-02-25,12:00:00,1.599,0.13,238.55,6.7,0.614,0.212,0.199
2007-02-25,13:00:00,1.602,0.145,242.08,6.62,0.781,0.225,0.127
2007-02-25,14:00:00,1.512,0.138,238.86,6.33,0.713,0.27,0.148
2007-02-25,15:00:00,1.607,0.161,240.25,6.69,0.554,0.31,0.15
2007-02-25,16:00:00,1.82,0.169,240.85,7.56,0.76,0.262,0.155
2007-02-25,17:00:00,2.022,0.177,238.46,8.48,0.898,0.263,0.194
2007-02-25,18:00:00,2.467,0.24,238.47,10.34,0.847,0.307,0.271
2007-02-25,19:00:00,2.522,0.272,239.46,10.53,0.766,0.317,0.283
2007-02-25,20:00:00,2.517,0.267,241.49,10.42,1.246,0.253,0.337
2007-02-25,21:00:00,2.24,0.21,240.69,9.31,1.101,0.276,0.259
2007-02-25,22:00:00,1.798,0.172,237.29,7.58,0.654,0.233,0.246
2007-02-25,23:00:00,1.397,0.124,243.91,5.73,0.486,0.248,0.162
2007-02-26,00:00:00,1.059,0.081,240.76,4.4,0.351,0.164,0.09
2007-02-26,01:00:00,1.001,0.109,239.15,4.19,0.438,0.133,0.113
2007-02-26,02:00:00,1.003,0.075,239.69,4.19,0.453,0.16,0.123
2007-02-26,03:00:00,0.969,0.11,239.52,4.05,0.372,0.173,0.115
2007-02-26,04:00:00,0.836,0.12,239.26,3.49,0.291,0.135,0.113
2007-02-26,05:00:00,0.998,0.107,242.33,4.12,0.389,0.107,0.14
2007-02-26,06:00:00,1.079,0.12,244.75,4.41,0.435,0.134,0.09
2007-02-26,07:00:00,1.481,0.16,238.97,6.2,0.605,0.19,0.086
2007-02-26,08:00:00,1.888,0.179,239.08,7.89,0.734,0.257,0.218
2007-02-26,09:00:00,1.735,0.181,239.82,7.23,0.522,0.178,0.106
2007-02-26,10:00:00,1.673,0.174,237.25,7.05,0.66,0.292,0.232
2007-02-26,11:00:00,1.542,0.142,241.06,6.4,0.57,0.227,0.204
2007-02-26,12:00:00,2.02,0.152,240.37,8.4,0.831,0.383,0.245
2007-02-26,13:00:00,1.45,0.124,240.3,6.03,0.455,0.22,0.207
2007-02-26,14:00:00,1.433,0.124,236.29,6.07,0.682,0.285,0.199
2007-02-26,15:00:00,1.54,0.164,235.48,6.54,0.732,0.262,0.219
2007-02-26,16:00:00,1.642,0.135,239.26,6.86,0.678,0.31,0.203
2007-02-26,17:00:00,1.823,0.22,241.32,7.55,0.815,0.36,0.158
2007-02-26,18:00:00,2.137,0.246,236.44,9.04,0.828,0.315,0.117
2007-02-26,19:00:00,2.274,0.248,241.79,9.4,0.951,0.371,0.128
2007-02-26,20:00:00,2.342,0.224,239.39,9.78,0.992,0.448,0.303
2007-02-26,21:00:00,2.006,0.159,238.34,8.42,0.744,0.316,0.139
2007-02-26,22:00:00,1.731,0.19,240.17,7.21,0.852,0.182,0.141
2007-02-26,23:00:00,1.357,0.121,237.4,5.72,0.571,0.23,0.147
2007-02-27,00:00:00,1.075,0.123,234.92,4.58,0.536,0.208,0.068
2007-02-27,01:00:00,1.023,0.114,242.41,4.22,0.395,0.182,0.152
2007-02-27,02:00:00,1.023,0.094,239.9,4.27,0.314,0.183,0.135
2007-02-27,03:00:00,1.006,0.076,238.56,4.22,0.363,0.109,0.109
2007-02-27,04:00:00,0.804,0.084,238.84,3.37,0.346,0.14,0.113
2007-02-27,05:00:00,1.044,0.073,238.45,4.38,0.503,0.108,0.104
2007-02-27,06:00:00,1.157,0.121,239.29,4.84,0.49,0.223,0.162
2007-02-27,07:00:00,1.461,0.156,239.78,6.09,0.576,0.28,0.194
2007-02-27,08:00:00,1.85,0.172,241.38,7.67,0.585,0.366,0.095
2007-02-27,09:00:00,1.677,0.138,238.61,7.03,0.552,0.219,0.218
2007-02-27,10:00:00,1.427,0.175,237.89,6.0,0.443,0.22,0.183
2007-02-27,11:00:00,1.472,0.137,238.93,6.16,0.651,0.232,0.12
2007-02-27,12:00:00,1.462,0.142,244.93,5.97,0.682,0.228,0.145
2007-02-27,13:00:00,1.41,0.163,240.31,5.87,0.469,0.199,0.09
2007-02-27,14:00:00,1.511,0.14,240.8,6.28,0.552,0.3,0.176
2007-02-27,15:00:00,1.478,0.133,239.49,6.17,0.585,0.279,0.174
2007-02-27,16:00:00,1.653,0.206,243.47,6.79,0.543,0.266,0.245
2007-02-27,17:00:00,1.89,0.174,241.72,7.82,0.724,0.311,0.231
2007-02-27,18:00:00,2.285,0.253,237.92,9.6,1.127,0.392,0.216
2007-02-27,19:00:00,2.399,0.243,240.32,9.98,1.065,0.385,0.163
2007-02-27,20:00:00,2.296,0.232,239.23,9.6,0.765,0.392,0.296
2007-02-27,21:00:00,2.169,0.207,240.82,9.01,0.694,0.394,0.185
2007-02-27,22:00:00,1.673,0.163,241.99,6.91,0.651,0.331,0.242
2007-02-27,23:00:00,1.35,0.171,237.55,5.68,0.672,0.25,0.105
2007-02-28,00:00:00,1.104,0.127,240.72,4.59,0.506,0.125,0.077
2007-02-28,01:00:00,0.937,0.066,238.39,3.93,0.336,0.145,0.105
2007-02-28,02:00:00,1.029,0.083,242.83,4.24,0.314,0.168,0.146
2007-02-28,03:00:00,1.031,0.111,241.93,4.26,0.394,0.13,0.066
2007-02-28,04:00:00,0.882,0.101,236.02,3.74,0.293,0.13,0.048
2007-02-28,05:00:00,1.015,0.117,237.75,4.27,0.341,0.196,0.149
2007-02-28,06:00:00,1.22,0.12,237.31,5.14,0.406,0.154,0.078
2007-02-28,07:00:00,1.358,0.119,239.88,5.66,0.603,0.179,0.15
2007-02-28,08:00:00,1.872,0.171,240.6,7.78,0.575,0.357,0.131
2007-02-28,09:00:00,1.633,0.117,241.58,6.76,0.675,0.179,0.109
2007-02-28,10:00:00,1.564,0.189,239.51,6.53,0.704,0.294,0.103
2007-02-28,11:00:00,1.508,0.098,239.44,6.3,0.499,0.197,0.182
2007-02-28,12:00:00,1.513,0.146,240.57,6.29,0.724,0.227,0.191
2007-02-28,13:00:00,1.467,0.111,246.3,5.96,0.463,0.241,0.091
2007-02-28,14:00:00,1.455,0.134,236.97,6.14,0.635,0.239,0.093
2007-02-28,15:00:00,1.605,0.172,236.24,6.79,0.537,0.318,0.23
2007-02-28,16:00:00,1.678,0.122,238.93,7.02,0.774,0.174,0.183
2007-02-28,17:00:00,1.803,0.187,238.56,7.56,0.747,0.307,0.231
2007-02-28,18:00:00,2.245,0.242,238.52,9.41,0.938,0.414,0.13
2007-02-28,19:00:00,2.409,0.233,239.98,10.04,0.889,0.383,0.133
2007-02-28,20:00:00,2.306,0.285,237.66,9.7,0.822,0.456,0.207
2007-02-28,21:00:00,2.066,0.162,238.81,8.65,0.811,0.293,0.218
2007-02-28,22:00:00,1.745,0.14,239.41,7.29,0.788,0.305,0.152
2007-02-28,23:00:00,1.243,0.118,239.46,5.19,0.415,0.21,0.151
2007-03-01,00:00:00,1.014,0.096,239.72,4.23,0.47,0.105,0.119
2007-03-01,01:00:00,0.927,0.095,239.7,3.87,0.367,0.144,0.088
2007-03-01,02:00:00,0.914,0.11,238.39,3.83,0.357,0.115,0.053
2007-03-01,03:00:00,0.959,0.071,239.49,4.01,0.291,0.147,0.105
2007-03-01,04:00:00,0.943,0.067,239.99,3.93,0.306,0.178,0.07
2007-03-01,05:00:00,1.038,0.09,241.92,4.29,0.401,0.169,0.092
2007-03-01,06:00:00,1.378,0.158,237.04,5.81,0.684,0.22,0.071
2007-03-01,07:00:00,1.385,0.155,240.05,5.77,0.485,0.232,0.141
2007-03-01,08:00:00,1.741,0.173,240.33,7.24,0.526,0.266,0.209
2007-03-01,09:00:00,1.534,0.143,240.37,6.38,0.594,0.222,0.165
2007-03-01,10:00:00,1.477,0.145,240.46,6.14,0.448,0.203,0.185
2007-03-01,11:00:00,1.46,0.153,237.37,6.15,0.536,0.248,0.219
2007-03-01,12:00:00,1.538,0.156,240.32,6.4,0.57,0.273,0.174
2007-03-01,13:00:00,1.483,0.12,240.21,6.17,0.446,0.211,0.107
2007-03-01,14:00:00,1.287,0.099,241.1,5.34,0.587,0.134,0.138
2007-03-01,15:00:00,1.425,0.137,239.67,5.95,0.688,0.22,0.106
2007-03-01,16:00:00,1.487,0.163,238.92,6.22,0.743,0.234,0.123
2007-03-01,17:00:00,1.809,0.16,242.0,7.47,0.727,0.267,0.154
2007-03-01,18:00:00,2.071,0.215,237.56,8.72,0.748,0.282,0.211
2007-03-01,19:00:00,2.232,0.187,237.25,9.41,0.99,0.423,0.229
2007-03-01,20:00:00,2.403,0.242,237.52,10.12,1.075,0.356,0.281
2007-03-01,21:00:00,1.92,0.176,240.69,7.98,0.722,0.345,0.18
2007-03-01,22:00:00,1.638,0.122,238.55,6.87,0.677,0.268,0.113
2007-03-01,23:00:00,1.323,0.121,239.78,5.52,0.614,0.236,0.131
